dataset_name,num_clients,round,class_name,precision,recall,f1,support
brain_tumor_mri,3,0,glioma,0.0,0.0,0.0,280
brain_tumor_mri,3,0,meningioma,0.0,0.0,0.0,280
brain_tumor_mri,3,0,notumor,0.24259681093394078,0.7607142857142857,0.36787564766839376,280
brain_tumor_mri,3,0,pituitary,0.34759358288770054,0.23214285714285715,0.278372591006424,280
brain_tumor_mri,3,1,glioma,1.0,0.21785714285714286,0.35777126099706746,280
brain_tumor_mri,3,1,meningioma,0.3561290322580645,0.9857142857142858,0.5232227488151658,280
brain_tumor_mri,3,1,notumor,0.9603174603174603,0.8642857142857143,0.9097744360902256,280
brain_tumor_mri,3,1,pituitary,1.0,0.11428571428571428,0.20512820512820512,280
brain_tumor_mri,3,2,glioma,0.9959016393442623,0.8678571428571429,0.9274809160305344,280
brain_tumor_mri,3,2,meningioma,0.6308411214953271,0.9642857142857143,0.7627118644067796,280
brain_tumor_mri,3,2,notumor,0.9225589225589226,0.9785714285714285,0.949740034662045,280
brain_tumor_mri,3,2,pituitary,0.9867549668874173,0.5321428571428571,0.691415313225058,280
brain_tumor_mri,3,3,glioma,0.9708029197080292,0.95,0.9602888086642599,280
brain_tumor_mri,3,3,meningioma,0.9516129032258065,0.8428571428571429,0.8939393939393939,280
brain_tumor_mri,3,3,notumor,0.9678571428571429,0.9678571428571429,0.9678571428571429,280
brain_tumor_mri,3,3,pituitary,0.8647798742138365,0.9821428571428571,0.919732441471572,280
brain_tumor_mri,3,4,glioma,0.9222972972972973,0.975,0.9479166666666666,280
brain_tumor_mri,3,4,meningioma,0.9714285714285714,0.85,0.9066666666666666,280
brain_tumor_mri,3,4,notumor,0.9962264150943396,0.9428571428571428,0.9688073394495413,280
brain_tumor_mri,3,4,pituitary,0.8821656050955414,0.9892857142857143,0.9326599326599326,280
brain_tumor_mri,3,5,glioma,0.9409722222222222,0.9678571428571429,0.954225352112676,280
brain_tumor_mri,3,5,meningioma,0.9446494464944649,0.9142857142857143,0.9292196007259528,280
brain_tumor_mri,3,5,notumor,0.9888888888888889,0.9535714285714286,0.9709090909090909,280
brain_tumor_mri,3,5,pituitary,0.9347079037800687,0.9714285714285714,0.9527145359019265,280
