dataset_name,num_clients,round,global_test_acc,balanced_accuracy,global_test_loss,ce_loss,reg_loss,f1_macro,f1_micro,f1_weighted,precision_macro,recall_macro,specificity_macro,sensitivity_macro,roc_auc_macro,pr_auc_macro,mean_confidence,mean_entropy,ece,inference_time_sec,training_time_sec,aggregation_time_sec
covid,3,0,0.28395936687928186,0.25158576587576703,2.435384547994854,0.0,0.0,0.11895161290322581,0.28395936687928186,0.13125938288257394,0.22568769812864303,0.25158576587576703,0.7496535965564304,0.25158576587576703,0.3830837077102732,0.2206042498985467,0.8205900177898178,0.5885657359472349,0.536630650910536,26.088322639465332,0.0,0.0
covid,3,1,0.22844318450271675,0.30056859924876606,1.677687439686464,0.0,0.0,0.1599235081416103,0.22844318450271675,0.14680314303436237,0.2667460294284056,0.30056859924876606,0.7670178556317171,0.30056859924876606,0.9193226086100426,0.8013819858866548,0.676659157618039,0.8214358734868856,0.44858050033777513,20.804681062698364,0.0,0.0
covid,3,2,0.549492085991023,0.6320726160189752,0.9233655056546772,0.0,0.0,0.5974603002087758,0.549492085991023,0.5752216449580411,0.7655817415660651,0.6320726160189752,0.8623827924727301,0.6320726160189752,0.9663298275825204,0.9211336612137977,0.7009255564821096,0.7017877853108792,0.15287096822709584,20.514850854873657,0.0,0.0
covid,3,3,0.8703047484053863,0.9093661084788179,0.365377730915458,0.0,0.0,0.8560615731662482,0.8703047484053863,0.8718981114434851,0.8236175388316096,0.9093661084788179,0.9562026249183482,0.9093661084788179,0.981629249176404,0.9607040627441079,0.8426935466051722,0.42185642418131736,0.02776407298539339,20.320953607559204,0.0,0.0
covid,3,4,0.9123553035672101,0.917474317386415,0.2670114690632846,0.0,0.0,0.9169713819846524,0.9123553035672101,0.9116103764362157,0.9192751924503525,0.917474317386415,0.9648653671239036,0.917474317386415,0.9858239554014836,0.9704927906164293,0.8850199339197173,0.3361680775574434,0.027490828305081542,20.644574880599976,0.0,0.0
covid,3,5,0.9227498228206945,0.9266567062383497,0.2319880071019777,0.0,0.0,0.9275730090184889,0.9227498228206945,0.9222505971792986,0.9294498847521717,0.9266567062383497,0.9681374507845784,0.9266567062383497,0.986660577234986,0.9735110434186051,0.908601612465167,0.2607716886378223,0.0157423180072774,19.86116623878479,0.0,0.0
