dataset_name,num_clients,round,global_test_acc,balanced_accuracy,global_test_loss,ce_loss,reg_loss,f1_macro,f1_micro,f1_weighted,precision_macro,recall_macro,specificity_macro,sensitivity_macro,roc_auc_macro,pr_auc_macro,mean_confidence,mean_entropy,ece,inference_time_sec,training_time_sec,aggregation_time_sec
covid,3,0,0.06354831089062131,0.25,4.336578368690034,0.0,0.0,0.029875610839626834,0.06354831089062131,0.007594178422735289,0.015887077722655327,0.25,0.75,0.25,0.4961046306217607,0.2521594575237821,0.94846801931853,0.22225770370376463,0.8849197084279088,26.81158137321472,0.0,0.0
covid,3,1,0.2693125442948264,0.33413634002114,1.3507172414210566,0.0,0.0,0.20606180670026042,0.2693125442948264,0.20313422725119804,0.5210155251740539,0.33413634002114,0.7791705452596542,0.33413634002114,0.9438178003871751,0.8724758175297487,0.6533136121310891,0.8770286773101399,0.38920745047981115,21.050878524780273,0.0,0.0
covid,3,2,0.7838412473423104,0.7490881819213167,0.5507595486993517,0.0,0.0,0.7435169898995126,0.7838412473423104,0.7931229989991962,0.829062271062271,0.7490881819213167,0.9300044242786524,0.7490881819213167,0.9769698608046441,0.9516870240129305,0.7400618707587356,0.6483642702301942,0.04847205830696146,21.937020540237427,0.0,0.0
covid,3,3,0.8977084809827546,0.9152752507931761,0.3100995610727927,0.0,0.0,0.8929024981245006,0.8977084809827546,0.8979642358451836,0.8743944425397862,0.9152752507931761,0.9625575103331138,0.9152752507931761,0.9833388398765626,0.9620781027775132,0.8596315070680487,0.39533992574055593,0.038623549690095654,21.617111921310425,0.0,0.0
covid,3,4,0.9114103472714387,0.9134753506985763,0.2548575610549011,0.0,0.0,0.9162717437090042,0.9114103472714387,0.9103645178655337,0.9221974174781518,0.9134753506985763,0.9632161584793465,0.9134753506985763,0.9860889026038369,0.9709322842236137,0.8938875571509329,0.30903686188057067,0.018104065824788473,21.254963159561157,0.0,0.0
covid,3,5,0.9213323883770376,0.9331473513143673,0.23583269230502169,0.0,0.0,0.9208443944585156,0.9213323883770376,0.9211153532460583,0.9102117621202579,0.9331473513143673,0.9698632012530468,0.9331473513143673,0.9870941162184306,0.9739709532875243,0.9029862419767017,0.27445006139836653,0.018932150162451936,19.708204746246338,0.0,0.0
