{
  "dataset_name": "covid",
  "num_clients": 3,
  "num_rounds": 6,
  "best_accuracy": 0.9213323883770376,
  "best_accuracy_round": 5,
  "final_accuracy": 0.9213323883770376,
  "best_balanced_accuracy": 0.9331473513143673,
  "best_balanced_accuracy_round": 5,
  "final_balanced_accuracy": 0.9331473513143673,
  "best_macro_f1": 0.9208443944585156,
  "best_macro_f1_round": 5,
  "final_macro_f1": 0.9208443944585156,
  "best_roc_auc_macro": 0.9870941162184306,
  "best_roc_auc_macro_round": 5,
  "final_roc_auc_macro": 0.9870941162184306,
  "best_pr_auc_macro": 0.9739709532875243,
  "best_pr_auc_macro_round": 5,
  "final_pr_auc_macro": 0.9739709532875243,
  "final_ece": 0.018932150162451936,
  "final_mean_confidence": 0.9029862419767017,
  "final_mean_entropy": 0.27445006139836653,
  "total_training_time_sec": 0.0,
  "total_inference_time_sec": 132.38,
  "final_confusion_matrix": [
    [
      693,
      9,
      17,
      4
    ],
    [
      42,
      1052,
      108,
      1
    ],
    [
      28,
      86,
      1894,
      30
    ],
    [
      1,
      0,
      7,
      261
    ]
  ]
}