dataset_name,num_clients,round,global_test_acc,balanced_accuracy,global_test_loss,ce_loss,reg_loss,f1_macro,f1_micro,f1_weighted,precision_macro,recall_macro,specificity_macro,sensitivity_macro,roc_auc_macro,pr_auc_macro,mean_confidence,mean_entropy,ece,inference_time_sec,training_time_sec,aggregation_time_sec
covid,3,0,0.17221828490432317,0.3420246776970791,3.413220788467699,0.0,0.0,0.17832705278333527,0.17221828490432317,0.13841422853972166,0.20274168890670563,0.3420246776970791,0.7657616358999351,0.3420246776970791,0.5463690464255325,0.27689767220074873,0.585989813995564,0.9066840070359886,0.41377152909124093,50.58834099769592,0.0,0.0
covid,3,1,0.29671627687219465,0.3464399744330613,1.2367963895937413,0.0,0.0,0.2333554920831128,0.29671627687219465,0.25727556464623436,0.5112105026519724,0.3464399744330613,0.7871893487170105,0.3464399744330613,0.9454823895854799,0.8524813593315166,0.5865823274072169,0.9721734914319274,0.29845303763122166,25.348353385925293,0.0,0.0
covid,3,2,0.7028112449799196,0.6664756610317809,0.7220328896287314,0.0,0.0,0.6457695992913695,0.7028112449799196,0.7184844369481759,0.7951673412808944,0.6664756610317809,0.9068474146263987,0.6664756610317809,0.9717785136984385,0.924283080139195,0.6539023344873847,0.7980125431942832,0.04978992847891639,24.94038987159729,0.0,0.0
covid,3,3,0.8214032600992204,0.8555333197651076,0.4776315265250437,0.0,0.0,0.8261873515336681,0.8214032600992204,0.8299981847972667,0.834633300398161,0.8555333197651076,0.9418219979827508,0.8555333197651076,0.9759761922622174,0.9525024833996897,0.8252660882351895,0.4545124867301238,0.021178687826950118,25.28421425819397,0.0,0.0
covid,3,4,0.9149539333805812,0.9284132794525877,0.26830304192082977,0.0,0.0,0.9174320208476272,0.9149539333805812,0.9148306244313338,0.9080456686855081,0.9284132794525877,0.9680859427819184,0.9284132794525877,0.9862549341779167,0.9720141962883961,0.8661534329438474,0.37118196518551694,0.04899923967014044,25.952030658721924,0.0,0.0
covid,3,5,0.9149539333805812,0.9313566678252696,0.2586821371391539,0.0,0.0,0.9182399969279503,0.9149539333805812,0.9149832946046742,0.9071469048905958,0.9313566678252696,0.9686300346332314,0.9313566678252696,0.9872803160590842,0.9731496373792787,0.8903757334248327,0.30726237016529767,0.02473397088647875,25.100258827209473,0.0,0.0
