dataset_name,num_clients,round,global_test_acc,balanced_accuracy,global_test_loss,ce_loss,reg_loss,f1_macro,f1_micro,f1_weighted,precision_macro,recall_macro,specificity_macro,sensitivity_macro,roc_auc_macro,pr_auc_macro,mean_confidence,mean_entropy,ece,inference_time_sec,training_time_sec,aggregation_time_sec
covid,3,0,0.1393810536262698,0.17938788694986435,2.350890510729405,0.0,0.0,0.09826320386591439,0.1393810536262698,0.09176886901578579,0.26471563042598784,0.17938788694986435,0.7308816081328635,0.17938788694986435,0.4574359305431524,0.24931460395569768,0.5666000906060329,1.0167816584542415,0.4272190369797631,42.99443292617798,0.0,0.0
covid,3,1,0.17977793527049374,0.2578969243557772,1.4888973401957528,0.0,0.0,0.08882099398617613,0.17977793527049374,0.06761603245270525,0.2806075602194133,0.2578969243557772,0.7526839863473527,0.2578969243557772,0.9453649081948721,0.8741509999386146,0.7012278639464803,0.836239380773614,0.5231759609932206,25.294355154037476,0.0,0.0
covid,3,2,0.616111504842901,0.6094916608774577,0.8111069251143169,0.0,0.0,0.5907036822344427,0.616111504842901,0.6477936999307542,0.801671966566847,0.6094916608774577,0.8817248858814974,0.6094916608774577,0.972785450062352,0.9352181278338516,0.6965748051605184,0.6962112370577425,0.08668802472651213,25.436915397644043,0.0,0.0
covid,3,3,0.7725017717930546,0.8438136387845303,0.552535127345873,0.0,0.0,0.783638385268417,0.7725017717930546,0.7863571509244863,0.7887601035475125,0.8438136387845303,0.9289055727475537,0.8438136387845303,0.9791269649304981,0.9580938176090108,0.8040005682617559,0.4861781076974016,0.034656368817332375,25.848913192749023,0.0,0.0
covid,3,4,0.9097566737538388,0.9181093401400666,0.2741204731829927,0.0,0.0,0.9097409422630796,0.9097566737538388,0.909826995739314,0.9047720589420711,0.9181093401400666,0.966379377801492,0.9181093401400666,0.98612172751505,0.9704863743458838,0.8712896405383258,0.3613212350269294,0.0394022995955888,25.33137845993042,0.0,0.0
covid,3,5,0.9255846917080085,0.927946643416388,0.21857807496437193,0.0,0.0,0.9321226603865145,0.9255846917080085,0.9255505015457156,0.9364760402458466,0.927946643416388,0.9695409920954305,0.927946643416388,0.9879526233353223,0.9756643296357349,0.9126787443983901,0.25107771522786637,0.014437336498418687,25.389832735061646,0.0,0.0
