{
  "dataset_name": "covid",
  "num_clients": 3,
  "num_rounds": 5,
  "best_accuracy": 0.920623671155209,
  "best_accuracy_round": 4,
  "final_accuracy": 0.915190172454524,
  "best_balanced_accuracy": 0.9241904698589136,
  "best_balanced_accuracy_round": 5,
  "final_balanced_accuracy": 0.9241904698589136,
  "best_macro_f1": 0.9262263356531282,
  "best_macro_f1_round": 4,
  "final_macro_f1": 0.9184124297523172,
  "best_roc_auc_macro": 0.9876799426861964,
  "best_roc_auc_macro_round": 4,
  "final_roc_auc_macro": 0.9874564832479196,
  "best_pr_auc_macro": 0.9743784837639776,
  "best_pr_auc_macro_round": 4,
  "final_pr_auc_macro": 0.9730224313256872,
  "final_ece": 0.029458411888059,
  "final_mean_confidence": 0.8861592531190142,
  "final_mean_entropy": 0.3231221122459105,
  "total_training_time_sec": 0.0,
  "total_inference_time_sec": 121.79,
  "secagg_overhead_per_round_sec": 0.6753,
  "secagg_overhead_total_sec": 3.3767,
  "final_confusion_matrix": null
}