dataset_name,num_clients,round,global_test_acc,balanced_accuracy,global_test_loss,ce_loss,reg_loss,f1_macro,f1_micro,f1_weighted,precision_macro,recall_macro,specificity_macro,sensitivity_macro,roc_auc_macro,pr_auc_macro,mean_confidence,mean_entropy,ece,inference_time_sec,training_time_sec,aggregation_time_sec
colon_cancer_or_pathology,4,0,0.4815,0.48150000000000004,1.0048431615829467,0.0,0.0,0.35020970932066836,0.4815,0.35020970932066836,0.4035448568553538,0.48150000000000004,0.48150000000000004,0.48150000000000004,0.412729,0.43537117239723266,0.766861179113388,0.5036994912413763,0.2853611791133881,26.754749059677124,0.0,0.0
colon_cancer_or_pathology,4,1,0.973,0.973,0.06080331091582775,0.0,0.0,0.972980302640625,0.973,0.9729803026406251,0.9743833017077799,0.973,0.973,0.973,0.9999979999999999,0.999998003992016,0.978260581791401,0.055103466186776,0.008621299445629055,20.22158455848694,0.0,0.0
colon_cancer_or_pathology,4,2,0.961,0.9610000000000001,0.08375318630039692,0.0,0.0,0.960940590638361,0.961,0.960940590638361,0.963821892393321,0.9610000000000001,0.9610000000000001,0.9610000000000001,1.0,1.0,0.9684273535013199,0.07804006293438231,0.010139284551143648,20.26934790611267,0.0,0.0
colon_cancer_or_pathology,4,3,0.998,0.998,0.007497288983315229,0.0,0.0,0.997999991999968,0.998,0.9979999919999679,0.99800796812749,0.998,0.998,0.998,1.0,1.0,0.9949753828048706,0.015672069571588797,0.003733363032340952,19.866015434265137,0.0,0.0
colon_cancer_or_pathology,4,4,0.999,0.999,0.0033546216655522586,0.0,0.0,0.998999998999999,0.999,0.998999998999999,0.999001996007984,0.999,0.999,0.999,1.0,1.0,0.9975999403893948,0.00814568864624785,0.002014462262392067,20.219533681869507,0.0,0.0
colon_cancer_or_pathology,4,5,0.9995,0.9995,0.0023983370946370998,0.0,0.0,0.999499999875,0.9995,0.9994999998749999,0.9995004995004995,0.9995,0.9995,0.9995,1.0,1.0,0.9981994354724884,0.0061518100960598725,0.001997219741344482,20.80974316596985,0.0,0.0
