dataset_name,num_clients,round,global_test_acc,balanced_accuracy,global_test_loss,ce_loss,reg_loss,f1_macro,f1_micro,f1_weighted,precision_macro,recall_macro,specificity_macro,sensitivity_macro,roc_auc_macro,pr_auc_macro,mean_confidence,mean_entropy,ece,inference_time_sec,training_time_sec,aggregation_time_sec
colon_cancer_or_pathology,4,0,0.5485,0.5485,0.7796321012973786,0.0,0.0,0.43979832739786323,0.5485,0.43979832739786323,0.7166735912865944,0.5485,0.5485,0.5485,0.762821,0.7628973121420646,0.7801779108941556,0.4821148403902987,0.23649058714509014,37.55332946777344,0.0,0.0
colon_cancer_or_pathology,4,1,0.868,0.868,0.28119170796871185,0.0,0.0,0.8656592467147579,0.868,0.8656592467147579,0.8955696202531646,0.868,0.868,0.868,0.999999,0.999999000999001,0.9344049419164657,0.14654858363952594,0.06640494191646572,21.88689160346985,0.0,0.0
colon_cancer_or_pathology,4,2,0.932,0.9319999999999999,0.14705931214988233,0.0,0.0,0.9316841073122116,0.932,0.9316841073122116,0.9401408450704225,0.9319999999999999,0.9319999999999999,0.9319999999999999,1.0,1.0,0.954058471173048,0.10791940496221873,0.02276750263571741,22.05341410636902,0.0,0.0
colon_cancer_or_pathology,4,3,0.9905,0.9904999999999999,0.022792850696481765,0.0,0.0,0.990499142547615,0.9905,0.990499142547615,0.9906771344455348,0.9904999999999999,0.9904999999999999,0.9904999999999999,1.0,1.0,0.987963074952364,0.033408935817792584,0.0037119838893413764,20.908384799957275,0.0,0.0
colon_cancer_or_pathology,4,4,1.0,1.0,0.002411106640356593,0.0,0.0,1.0,1.0,1.0,1.0,1.0,1.0,1.0,1.0,1.0,0.9977229891717434,0.010014395281103112,0.0022770108282566025,20.610186338424683,0.0,0.0
colon_cancer_or_pathology,4,5,0.9995,0.9995,0.00382345030317083,0.0,0.0,0.999499999875,0.9995,0.9994999998749999,0.9995004995004995,0.9995,0.9995,0.9995,1.0,1.0,0.9965389822125434,0.013052328127221489,0.003493971705436688,20.47478437423706,0.0,0.0
