dataset_name,num_clients,round,global_test_acc,balanced_accuracy,global_test_loss,ce_loss,reg_loss,f1_macro,f1_micro,f1_weighted,precision_macro,recall_macro,specificity_macro,sensitivity_macro,roc_auc_macro,pr_auc_macro,mean_confidence,mean_entropy,ece,inference_time_sec,training_time_sec,aggregation_time_sec
colon_cancer_or_pathology,4,0,0.502,0.502,1.0490864162445068,0.0,0.0,0.36461356894516916,0.502,0.36461356894516916,0.5148038490007403,0.502,0.502,0.502,0.549136,0.515669278661013,0.8248102206587792,0.4231577338507027,0.3238707078695297,26.720903396606445,0.0,0.0
colon_cancer_or_pathology,4,1,0.8705,0.8705,0.310084095954895,0.0,0.0,0.8682912106758365,0.8705,0.8682912106758365,0.8971405877680698,0.8705,0.8705,0.8705,1.0,1.0,0.9400349542200566,0.13666378343492766,0.07264102229475976,20.243966579437256,0.0,0.0
colon_cancer_or_pathology,4,2,0.9395,0.9395,0.12245640487223863,0.0,0.0,0.9392777413527865,0.9395,0.9392777413527865,0.9460303300624442,0.9395,0.9395,0.9395,1.0,1.0,0.9566088716685772,0.10193640005204321,0.019087195187807066,20.342148303985596,0.0,0.0
colon_cancer_or_pathology,4,3,0.997,0.997,0.009374518611235545,0.0,0.0,0.996999972999757,0.997,0.996999972999757,0.9970178926441352,0.997,0.997,0.997,1.0,1.0,0.9945686650872231,0.015436325292766583,0.0033060466647147958,20.157506942749023,0.0,0.0
colon_cancer_or_pathology,4,4,0.998,0.998,0.006104338125791401,0.0,0.0,0.997999991999968,0.998,0.9979999919999679,0.99800796812749,0.998,0.998,0.998,0.9999979999999999,0.999998003992016,0.9973548948466778,0.008858017697380802,0.001913408905267718,19.199939489364624,0.0,0.0
colon_cancer_or_pathology,4,5,0.9975,0.9975,0.006584714607801289,0.0,0.0,0.9974999843749024,0.9975,0.9974999843749024,0.9975124378109452,0.9975,0.9975,0.9975,1.0,1.0,0.994875364691019,0.015230430713921906,0.004986932545900381,19.40534543991089,0.0,0.0
