dataset_name,num_clients,round,global_test_acc,balanced_accuracy,global_test_loss,ce_loss,reg_loss,f1_macro,f1_micro,f1_weighted,precision_macro,recall_macro,specificity_macro,sensitivity_macro,roc_auc_macro,pr_auc_macro,mean_confidence,mean_entropy,ece,inference_time_sec,training_time_sec,aggregation_time_sec
colon_cancer_or_pathology,4,0,0.519,0.519,0.8320436353683471,0.0,0.0,0.5174868387262456,0.519,0.5174868387262456,0.5192413636658241,0.519,0.519,0.519,0.516618,0.49430968788591617,0.6939789438545704,0.5773175832000256,0.17730244633555414,25.660189867019653,0.0,0.0
colon_cancer_or_pathology,4,1,0.902,0.902,0.2298734000325203,0.0,0.0,0.9010496811376459,0.902,0.9010496811376459,0.9180602006688963,0.902,0.902,0.902,0.9999920000000001,0.9999920634920635,0.9449341824650764,0.12489790782054146,0.04536399465799331,19.450549364089966,0.0,0.0
colon_cancer_or_pathology,4,2,0.977,0.977,0.05366203783266246,0.0,0.0,0.9769878265602504,0.977,0.9769878265602504,0.9780114722753346,0.977,0.977,0.977,1.0,1.0,0.9783158319592475,0.05534612863477277,0.006938715517520899,19.613436460494995,0.0,0.0
colon_cancer_or_pathology,4,3,0.986,0.986,0.03446701907087117,0.0,0.0,0.9859972554620706,0.986,0.9859972554620706,0.9863813229571985,0.986,0.986,0.986,0.999997,0.9999970089730807,0.9842987352907657,0.038768943653928516,0.004202758044004377,20.224923849105835,0.0,0.0
colon_cancer_or_pathology,4,4,0.9985,0.9984999999999999,0.005410205894382671,0.0,0.0,0.9984999966249923,0.9985,0.9984999966249924,0.9985044865403789,0.9984999999999999,0.9984999999999999,0.9984999999999999,1.0,1.0,0.9962454398274422,0.012307555844656115,0.0028763884305954006,19.387516260147095,0.0,0.0
colon_cancer_or_pathology,4,5,1.0,1.0,0.0014512348921271042,0.0,0.0,1.0,1.0,1.0,1.0,1.0,1.0,1.0,1.0,1.0,0.9986373827159405,0.0062181329810295696,0.001362617284059506,20.065370321273804,0.0,0.0
