dataset_name,num_clients,round,global_test_acc,balanced_accuracy,global_test_loss,ce_loss,reg_loss,f1_macro,f1_micro,f1_weighted,precision_macro,recall_macro,specificity_macro,sensitivity_macro,roc_auc_macro,pr_auc_macro,mean_confidence,mean_entropy,ece,inference_time_sec,training_time_sec,aggregation_time_sec
covid,5,0,0.17694306638317978,0.2577197264003935,2.310173358135462,0.0,0.0,0.10720922083432097,0.17694306638317978,0.0872411642569069,0.29794413011531323,0.2577197264003935,0.7560524399867813,0.2577197264003935,0.5727017754127773,0.33254386670954067,0.5940416655288699,0.9365370173449644,0.41709859914569014,25.90261149406433,0.0,0.0
covid,5,1,0.17954169619655092,0.2562739751612909,1.3516207029992402,0.0,0.0,0.08652573384880452,0.17954169619655092,0.06786756961190624,0.4574365629589153,0.2562739751612909,0.7524999294801276,0.2562739751612909,0.9326552912412758,0.8164791095085507,0.5835597716041302,1.0379511964525059,0.4120522997296507,25.021352291107178,0.0,0.0
covid,5,2,0.5069690526813135,0.49760623431839196,0.996023238930273,0.0,0.0,0.408876107571345,0.5069690526813135,0.49797090460589777,0.770127931364388,0.49760623431839196,0.8488254409226916,0.49760623431839196,0.9587210992271081,0.8793609649017232,0.616301142856806,0.8851182613967379,0.12570670304105774,24.805028676986694,0.0,0.0
covid,5,3,0.8693597921096149,0.8848062431659296,0.3962810960554947,0.0,0.0,0.8637274909311203,0.8693597921096149,0.8709530948828486,0.8558001766636549,0.8848062431659296,0.9541364999424549,0.8848062431659296,0.9799100792296314,0.9552819719044358,0.7912797693479098,0.5584950650840433,0.07946916469833738,24.79242777824402,0.0,0.0
covid,5,4,0.8932199385778408,0.9061671253351523,0.3123227134258956,0.0,0.0,0.884908523030066,0.8932199385778408,0.893602415916267,0.867766098684687,0.9061671253351523,0.9612967487909633,0.9061671253351523,0.9826630142509911,0.9591713974469279,0.85853032623795,0.3945955828098197,0.03468961233989078,25.694748878479004,0.0,0.0
covid,5,5,0.8547129695251595,0.8930872844473059,0.3972794567400925,0.0,0.0,0.8523200097898351,0.8547129695251595,0.858838464189018,0.8343215651371102,0.8930872844473059,0.9523060427636022,0.8930872844473059,0.9820395697703252,0.9616277356902057,0.8615330344124548,0.36954237525873773,0.015193921755651736,26.14161229133606,0.0,0.0
