dataset_name,num_clients,round,global_test_acc,balanced_accuracy,global_test_loss,ce_loss,reg_loss,f1_macro,f1_micro,f1_weighted,precision_macro,recall_macro,specificity_macro,sensitivity_macro,roc_auc_macro,pr_auc_macro,mean_confidence,mean_entropy,ece,inference_time_sec,training_time_sec,aggregation_time_sec
covid,5,0,0.4772029293645169,0.30931911603939566,1.4303825372729266,0.0,0.0,0.2670434180088964,0.4772029293645169,0.4194716936160004,0.25247754634348224,0.30931911603939566,0.7843944480766971,0.30931911603939566,0.49061881173905514,0.29197574381502467,0.5875208005749134,0.9499041206124218,0.11031787121039655,29.754868984222412,0.0,0.0
covid,5,1,0.2591542641152847,0.3273084577629233,1.4641317405684913,0.0,0.0,0.19455025722824726,0.2591542641152847,0.18501955822668578,0.2626134784413522,0.3273084577629233,0.7759499026825759,0.3273084577629233,0.9168872169982201,0.7424407599529392,0.6054847477219106,0.9275943413009465,0.352749762448075,24.04325771331787,0.0,0.0
covid,5,2,0.5894164894873613,0.6102873516102056,0.8294122746839553,0.0,0.0,0.5941679249423594,0.5894164894873613,0.6261052385678447,0.7996341537408725,0.6102873516102056,0.8746282786361301,0.6102873516102056,0.9720445783547379,0.9339212786113794,0.6283639786360592,0.8479922051737657,0.05649299600319803,23.807501077651978,0.0,0.0
covid,5,3,0.7668320340184267,0.8402251038956903,0.5767087489753757,0.0,0.0,0.779075560837551,0.7668320340184267,0.7806145408878131,0.7817072580429074,0.8402251038956903,0.9272164880230263,0.8402251038956903,0.9770058112882195,0.9490627864089798,0.771155353925089,0.5687763581391457,0.01598083136522713,27.85286593437195,0.0,0.0
covid,5,4,0.9000708717221828,0.92406362323355,0.2942477121100819,0.0,0.0,0.897581108292056,0.9000708717221828,0.9003779638675664,0.8762860368788273,0.92406362323355,0.964264553594339,0.92406362323355,0.9856815091540595,0.9698172429105218,0.8764009798513697,0.34743169079163333,0.031137689254595365,24.38242483139038,0.0,0.0
covid,5,5,0.8596739900779589,0.9033816720575973,0.39281523500862003,0.0,0.0,0.8475528984742677,0.8596739900779589,0.8628325931628366,0.8189359528681168,0.9033816720575973,0.9542132412559623,0.9033816720575973,0.9835895945880233,0.9666741726959794,0.8347582158723003,0.4368306376579045,0.027586064305171402,24.714721202850342,0.0,0.0
