dataset_name,num_clients,round,global_test_acc,balanced_accuracy,global_test_loss,ce_loss,reg_loss,f1_macro,f1_micro,f1_weighted,precision_macro,recall_macro,specificity_macro,sensitivity_macro,roc_auc_macro,pr_auc_macro,mean_confidence,mean_entropy,ece,inference_time_sec,training_time_sec,aggregation_time_sec
covid,5,0,0.073706591070163,0.2517527580246516,3.131908379349054,0.0,0.0,0.04426214114348079,0.073706591070163,0.03022574815068171,0.3107929227749449,0.2517527580246516,0.751577862078035,0.2517527580246516,0.48598409609655696,0.26408939548883503,0.7862129190797196,0.6501671711824225,0.7125063280095565,39.54043006896973,0.0,0.0
covid,5,1,0.23553035672100164,0.30680301321385334,1.561015874055889,0.0,0.0,0.1687107104141174,0.23553035672100164,0.15656645679275225,0.26991691570935267,0.30680301321385334,0.7691546077684692,0.30680301321385334,0.8857656580230127,0.6755502627997799,0.6185351655453958,0.9294369091353222,0.3830985201678039,27.07251477241516,0.0,0.0
covid,5,2,0.6489487361209544,0.5932065019772972,0.8098859775440929,0.0,0.0,0.5448788613791894,0.6489487361209544,0.6532106259231273,0.7751849623368283,0.5932065019772972,0.8892134361207863,0.5932065019772972,0.9621805309927625,0.9234050007267494,0.6262984985497554,0.8517242532028887,0.03754323029557553,25.082488536834717,0.0,0.0
covid,5,3,0.8008504606661941,0.8451414044813752,0.5193720775492051,0.0,0.0,0.8064011316086235,0.8008504606661941,0.8095244257647716,0.8075526283073167,0.8451414044813752,0.9360660536427183,0.8451414044813752,0.9777026597500081,0.9475272766783954,0.7658578491847396,0.588879558543725,0.03600872949930955,25.527552127838135,0.0,0.0
covid,5,4,0.8067564375147649,0.8691785611426374,0.4806366768143517,0.0,0.0,0.8112136086373508,0.8067564375147649,0.8147278296077507,0.797642647483114,0.8691785611426374,0.9384460246180227,0.8691785611426374,0.9798095498324679,0.9592462927053432,0.8155017491916717,0.4711104883027866,0.011336497682615989,25.32952857017517,0.0,0.0
covid,5,5,0.8993621545003544,0.9151114717312272,0.2914471013971798,0.0,0.0,0.9033393853689027,0.8993621545003544,0.8991924694230329,0.8971229969119694,0.9151114717312272,0.9625552580256536,0.9151114717312272,0.9849307399012233,0.9688657701720887,0.8762249534092923,0.3455702535663525,0.02642770577992158,25.21195387840271,0.0,0.0
