dataset_name,num_clients,round,global_test_acc,balanced_accuracy,global_test_loss,ce_loss,reg_loss,f1_macro,f1_micro,f1_weighted,precision_macro,recall_macro,specificity_macro,sensitivity_macro,roc_auc_macro,pr_auc_macro,mean_confidence,mean_entropy,ece,inference_time_sec,training_time_sec,aggregation_time_sec
covid,5,0,0.2844318450271675,0.25092936802973975,3.0991717015150844,0.0,0.0,0.11252342498892637,0.2844318450271675,0.12628022738676944,0.3210656899810964,0.25092936802973975,0.7500825082508251,0.25092936802973975,0.6254617394422001,0.3460213111421653,0.9239135969130108,0.2952037663783494,0.6394817518858433,24.5903582572937,0.0,0.0
covid,5,1,0.17127332860855185,0.2503304830824476,1.4088551205662783,0.0,0.0,0.07363183693016787,0.17127332860855185,0.05079859734453698,0.5427203970692508,0.2503304830824476,0.7501424501424501,0.2503304830824476,0.9422971575327892,0.8409532618865759,0.6381622802526878,0.932227355413433,0.4741695462995575,24.004506826400757,0.0,0.0
covid,5,2,0.5008268367587999,0.5565543728623387,0.9187486090897782,0.0,0.0,0.5311978870545774,0.5008268367587999,0.532412801116504,0.7850962980208613,0.5565543728623387,0.8481053992905861,0.5565543728623387,0.9675995199244666,0.9240889573611527,0.5589337884154749,0.9944677119302777,0.09646579312737491,23.08033299446106,0.0,0.0
covid,5,3,0.8783368769194425,0.8918312349600226,0.3789929305439775,0.0,0.0,0.8788985770546361,0.8783368769194425,0.8797120850941388,0.8726086969089203,0.8918312349600226,0.9565549719308092,0.8918312349600226,0.9805857849497308,0.9570204452484932,0.8017843655877549,0.5298132050352637,0.0765525113316875,25.31783413887024,0.0,0.0
covid,5,4,0.9151901724545239,0.9164828414784315,0.26414282055659244,0.0,0.0,0.9196509507295219,0.9151901724545239,0.9150844096558849,0.9229390536197914,0.9164828414784315,0.9659603903232423,0.9164828414784315,0.984933337410708,0.9689102313539311,0.870870726393831,0.3738169344842443,0.04447098172445994,25.22604751586914,0.0,0.0
covid,5,5,0.9019607843137255,0.9166659761356255,0.2871642259455392,0.0,0.0,0.8990558678661695,0.9019607843137255,0.9016729953354262,0.8855652614872873,0.9166659761356255,0.9629772550527553,0.9166659761356255,0.9845427635603041,0.9678610865823367,0.8738911207364914,0.35553371553908325,0.028465280599298995,25.168935775756836,0.0,0.0
