{
  "dataset_name": "covid",
  "num_clients": 5,
  "num_rounds": 5,
  "best_accuracy": 0.915190172454524,
  "best_accuracy_round": 4,
  "final_accuracy": 0.9019607843137256,
  "best_balanced_accuracy": 0.9166659761356256,
  "best_balanced_accuracy_round": 5,
  "final_balanced_accuracy": 0.9166659761356256,
  "best_macro_f1": 0.919650950729522,
  "best_macro_f1_round": 4,
  "final_macro_f1": 0.8990558678661695,
  "best_roc_auc_macro": 0.984933337410708,
  "best_roc_auc_macro_round": 4,
  "final_roc_auc_macro": 0.984542763560304,
  "best_pr_auc_macro": 0.9689102313539312,
  "best_pr_auc_macro_round": 4,
  "final_pr_auc_macro": 0.9678610865823368,
  "final_ece": 0.0284652805992989,
  "final_mean_confidence": 0.8738911207364914,
  "final_mean_entropy": 0.3555337155390832,
  "total_training_time_sec": 0.0,
  "total_inference_time_sec": 122.8,
  "secagg_overhead_per_round_sec": 2.2426,
  "secagg_overhead_total_sec": 11.2131,
  "final_confusion_matrix": null
}