dataset_name,num_clients,round,global_test_acc,balanced_accuracy,global_test_loss,ce_loss,reg_loss,f1_macro,f1_micro,f1_weighted,precision_macro,recall_macro,specificity_macro,sensitivity_macro,roc_auc_macro,pr_auc_macro,mean_confidence,mean_entropy,ece,inference_time_sec,training_time_sec,aggregation_time_sec
covid,3,0,0.2841956059532247,0.25,3.5452889897089435,0.0,0.0,0.11065121412803532,0.2841956059532247,0.12578635539430805,0.07104890148830617,0.25,0.75,0.25,0.5646270770060577,0.2798654231973822,0.9698282557825881,0.13859344012141966,0.6856326498293634,42.053160429000854,0.0,0.0
covid,3,1,0.3612095440585873,0.3656890530275378,1.2053072230066217,0.0,0.0,0.2721359866166177,0.3612095440585873,0.35585688916963165,0.5057366255848873,0.3656890530275378,0.8032497324260783,0.3656890530275378,0.917489875413634,0.7969163342285832,0.5690815247333053,0.9333575124076999,0.2113357493915711,24.165708303451538,0.0,0.0
covid,3,2,0.7361209544058587,0.6314136936713772,0.6616043917202876,0.0,0.0,0.5786938535373294,0.7361209544058587,0.7330084342848447,0.812684897790926,0.6314136936713772,0.9160274530168979,0.6314136936713772,0.9721535315913,0.9383394600372243,0.7188884776632132,0.6896264557937033,0.023888008724902512,24.306061267852783,0.0,0.0
covid,3,3,0.9047956532010395,0.9076285912650044,0.27949984452275556,0.0,0.0,0.9085445691858607,0.9047956532010395,0.9036620772192684,0.9126520737135477,0.9076285912650044,0.9613908442355998,0.9076285912650044,0.9856348726933707,0.9694119282030518,0.8621705489648084,0.3927485609543416,0.04924165918814098,24.701945543289185,0.0,0.0
covid,3,4,0.920623671155209,0.9226341443990607,0.2315583028129841,0.0,0.0,0.9262263356531282,0.920623671155209,0.9202038469828967,0.9308102807153276,0.9226341443990607,0.9676137923454929,0.9226341443990607,0.9876799426861965,0.9743784837639777,0.8984894304094714,0.2957727322385085,0.024472265801980635,24.4146888256073,0.0,0.0
covid,3,5,0.9151901724545239,0.9241904698589136,0.262112700098546,0.0,0.0,0.9184124297523171,0.9151901724545239,0.915460222519437,0.9142796310896528,0.9241904698589136,0.9688277441135055,0.9241904698589136,0.9874564832479197,0.9730224313256871,0.8861592531190142,0.32312211224591053,0.029458411888059033,24.203665256500244,0.0,0.0
