dataset_name,num_clients,round,global_test_acc,balanced_accuracy,global_test_loss,ce_loss,reg_loss,f1_macro,f1_micro,f1_weighted,precision_macro,recall_macro,specificity_macro,sensitivity_macro,roc_auc_macro,pr_auc_macro,mean_confidence,mean_entropy,ece,inference_time_sec,training_time_sec,aggregation_time_sec
brain_tumor_mri,4,0,0.25,0.25,3.4364127704075407,0.0,0.0,0.1,0.25,0.1,0.0625,0.25,0.75,0.25,0.4697379889455783,0.2418080613662591,0.9304694903216192,0.28078776464886174,0.680519716281976,11.883077144622803,0.0,0.0
brain_tumor_mri,4,1,0.5705357142857143,0.5705357142857143,0.887867818559919,0.0,0.0,0.5157400871723166,0.5705357142857143,0.5157400871723166,0.5864216563707407,0.5705357142857143,0.856845238095238,0.5705357142857143,0.9724617346938775,0.9345065700411757,0.6443300126652632,0.9178251718098965,0.16567214740706343,6.421588659286499,0.0,0.0
brain_tumor_mri,4,2,0.85625,0.85625,0.4664127954414913,0.0,0.0,0.8599076117067479,0.85625,0.8599076117067479,0.8970303606700968,0.85625,0.9520833333333334,0.85625,0.9871311649659864,0.965852383979132,0.744088027386793,0.680544433861539,0.11615664429430449,6.529815912246704,0.0,0.0
brain_tumor_mri,4,3,0.9035714285714286,0.9035714285714286,0.2535523112331118,0.0,0.0,0.9036646594107665,0.9035714285714286,0.9036646594107665,0.9120365493887785,0.9035714285714286,0.9678571428571429,0.9035714285714286,0.9906600765306123,0.9748750683501525,0.8722155012722527,0.37075197975287577,0.04569265044161252,6.3523337841033936,0.0,0.0
brain_tumor_mri,4,4,0.9491071428571428,0.9491071428571429,0.16737527900508473,0.0,0.0,0.9491798321728395,0.9491071428571428,0.9491798321728396,0.949442485820601,0.9491071428571429,0.9830357142857143,0.9491071428571429,0.9935289115646259,0.9841811902951523,0.9301132227693285,0.19715059524416303,0.02154978710625856,6.252696514129639,0.0,0.0
brain_tumor_mri,4,5,0.94375,0.94375,0.17671725574348654,0.0,0.0,0.9439968314026865,0.94375,0.9439968314026864,0.9464886727992571,0.94375,0.9812500000000001,0.94375,0.9956749574829932,0.9875240991259021,0.9506227536659155,0.13647513350301763,0.01972072504992994,6.359342575073242,0.0,0.0
