dataset_name,num_clients,round,global_test_acc,balanced_accuracy,global_test_loss,ce_loss,reg_loss,f1_macro,f1_micro,f1_weighted,precision_macro,recall_macro,specificity_macro,sensitivity_macro,roc_auc_macro,pr_auc_macro,mean_confidence,mean_entropy,ece,inference_time_sec,training_time_sec,aggregation_time_sec
brain_tumor_mri,4,0,0.25089285714285714,0.25089285714285714,2.6380458763667516,0.0,0.0,0.1293568992721535,0.25089285714285714,0.12935689927215352,0.24001213621254516,0.25089285714285714,0.750297619047619,0.25089285714285714,0.45077965561224487,0.24064403165201495,0.7371273984068206,0.707931282847247,0.4882996091619134,20.034052848815918,0.0,0.0
brain_tumor_mri,4,1,0.3848214285714286,0.3848214285714286,1.362711032799312,0.0,0.0,0.31304653271961735,0.3848214285714286,0.31304653271961735,0.5722394220846233,0.3848214285714286,0.7949404761904761,0.3848214285714286,0.9572534013605443,0.879697990402764,0.673155820183456,0.8572989116624211,0.29047463645360305,6.811859130859375,0.0,0.0
brain_tumor_mri,4,2,0.8142857142857143,0.8142857142857143,0.569003404038293,0.0,0.0,0.8119473972371238,0.8142857142857143,0.8119473972371238,0.8559127376781589,0.8142857142857143,0.9380952380952381,0.8142857142857143,0.9891730442176871,0.9696765415508403,0.6631926237738558,0.8097723820031715,0.16394865478255924,7.318890333175659,0.0,0.0
brain_tumor_mri,4,3,0.9383928571428571,0.9383928571428571,0.2232824538435255,0.0,0.0,0.9387297598861226,0.9383928571428571,0.9387297598861228,0.9396253331016106,0.9383928571428571,0.9794642857142858,0.9383928571428571,0.9935374149659864,0.9817124432271197,0.8752938491957528,0.35225720445355096,0.07047498486936096,6.659305572509766,0.0,0.0
brain_tumor_mri,4,4,0.9526785714285714,0.9526785714285715,0.13960929587483406,0.0,0.0,0.9525377131924603,0.9526785714285714,0.95253771319246,0.9529675568286415,0.9526785714285715,0.9842261904761905,0.9526785714285715,0.9961915391156463,0.9880213855097486,0.9379563582795006,0.18576386454342345,0.023164542817643685,7.347064018249512,0.0,0.0
brain_tumor_mri,4,5,0.9580357142857143,0.9580357142857143,0.1325312019458839,0.0,0.0,0.9581529592301092,0.9580357142857143,0.9581529592301093,0.9586047152299683,0.9580357142857143,0.9860119047619048,0.9580357142857143,0.9958535289115646,0.9878109794949415,0.9462814556168658,0.15132233539793666,0.017656315703477168,6.530079364776611,0.0,0.0
