dataset_name,num_clients,round,global_test_acc,balanced_accuracy,global_test_loss,ce_loss,reg_loss,f1_macro,f1_micro,f1_weighted,precision_macro,recall_macro,specificity_macro,sensitivity_macro,roc_auc_macro,pr_auc_macro,mean_confidence,mean_entropy,ece,inference_time_sec,training_time_sec,aggregation_time_sec
brain_tumor_mri,4,0,0.2794642857142857,0.2794642857142857,2.1830000809260777,0.0,0.0,0.16568555607269175,0.2794642857142857,0.16568555607269175,0.19375562148294778,0.2794642857142857,0.7598214285714286,0.2794642857142857,0.4722459608843537,0.24280684058173674,0.6701203273609281,0.8628378735196578,0.39065604164664236,12.667890548706055,0.0,0.0
brain_tumor_mri,4,1,0.39285714285714285,0.39285714285714285,1.1026316830090115,0.0,0.0,0.33246980653253344,0.39285714285714285,0.3324698065325334,0.5729166666666667,0.39285714285714285,0.7976190476190477,0.39285714285714285,0.9722884778911565,0.9250718653958464,0.5742802504716175,1.0400433659548574,0.23003891533506768,6.915940523147583,0.0,0.0
brain_tumor_mri,4,2,0.8535714285714285,0.8535714285714285,0.4397049312080656,0.0,0.0,0.8449065215115648,0.8535714285714285,0.8449065215115646,0.8794640690284653,0.8535714285714285,0.9511904761904761,0.8535714285714285,0.9894111394557823,0.9698895448448024,0.7352444728038141,0.7449138672565884,0.11986301732914788,6.998756408691406,0.0,0.0
brain_tumor_mri,4,3,0.9348214285714286,0.9348214285714286,0.21704110652208328,0.0,0.0,0.9351787566449218,0.9348214285714286,0.9351787566449218,0.936871419852574,0.9348214285714286,0.9782738095238096,0.9348214285714286,0.9922310799319728,0.9792975935260976,0.8868559407602463,0.3265563526232699,0.04831068023507081,6.8666675090789795,0.0,0.0
brain_tumor_mri,4,4,0.9214285714285714,0.9214285714285715,0.2579464021537985,0.0,0.0,0.9223890776451498,0.9214285714285714,0.9223890776451498,0.9293109668109668,0.9214285714285715,0.9738095238095237,0.9214285714285715,0.9921471088435374,0.9771023069286815,0.9201425504205483,0.2223308987204401,0.01602028211844822,7.16361927986145,0.0,0.0
brain_tumor_mri,4,5,0.9214285714285714,0.9214285714285715,0.21756304145923683,0.0,0.0,0.9215863944312526,0.9214285714285714,0.9215863944312527,0.9260457619855037,0.9214285714285715,0.9738095238095239,0.9214285714285715,0.9925382653061225,0.9802686992370364,0.931138856655785,0.18836695329287176,0.029193639702030545,6.860309839248657,0.0,0.0
