{
  "dataset_name": "brain_tumor_mri",
  "num_clients": 4,
  "num_rounds": 5,
  "best_accuracy": 0.9491071428571428,
  "best_accuracy_round": 4,
  "final_accuracy": 0.94375,
  "best_balanced_accuracy": 0.9491071428571428,
  "best_balanced_accuracy_round": 4,
  "final_balanced_accuracy": 0.94375,
  "best_macro_f1": 0.9491798321728396,
  "best_macro_f1_round": 4,
  "final_macro_f1": 0.9439968314026864,
  "best_roc_auc_macro": 0.9956749574829932,
  "best_roc_auc_macro_round": 5,
  "final_roc_auc_macro": 0.9956749574829932,
  "best_pr_auc_macro": 0.987524099125902,
  "best_pr_auc_macro_round": 5,
  "final_pr_auc_macro": 0.987524099125902,
  "final_ece": 0.0197207250499299,
  "final_mean_confidence": 0.9506227536659156,
  "final_mean_entropy": 0.1364751335030176,
  "total_training_time_sec": 0.0,
  "total_inference_time_sec": 31.92,
  "secagg_overhead_per_round_sec": 1.2567,
  "secagg_overhead_total_sec": 6.2837,
  "final_confusion_matrix": null
}