dataset_name,num_clients,round,global_test_acc,balanced_accuracy,global_test_loss,ce_loss,reg_loss,f1_macro,f1_micro,f1_weighted,precision_macro,recall_macro,specificity_macro,sensitivity_macro,roc_auc_macro,pr_auc_macro,mean_confidence,mean_entropy,ece,inference_time_sec,training_time_sec,aggregation_time_sec
covid,4,0,0.21899362154500354,0.2746776134417476,1.8143175575374402,0.0,0.0,0.20230974235738655,0.21899362154500354,0.1898803770850699,0.2365633185501683,0.2746776134417476,0.7512173421056,0.2746776134417476,0.5223675923790139,0.2619243912611547,0.5236028922299755,1.108059879699633,0.304609270684972,25.67306423187256,0.0,0.0
covid,4,1,0.235057878573116,0.306302241100956,1.3363029030854612,0.0,0.0,0.16845680839928243,0.235057878573116,0.15654690966436316,0.5255884695671281,0.306302241100956,0.7691024230628192,0.306302241100956,0.9398351896251811,0.8312613067476051,0.653695960966318,0.900460093689087,0.4308019441660488,24.8896164894104,0.0,0.0
covid,4,2,0.566028821167021,0.5715493871284997,0.8551568355567062,0.0,0.0,0.5515956926546669,0.566028821167021,0.6015254747038982,0.7933889107374749,0.5715493871284997,0.8669376075508375,0.5715493871284997,0.9640205829350739,0.9278066397832574,0.6578175369487315,0.7951544962477413,0.09901044484489273,25.341437578201294,0.0,0.0
covid,4,3,0.8454996456413891,0.8954727817315115,0.4396151470963397,0.0,0.0,0.8261651897586766,0.8454996456413891,0.8485817822416393,0.7918897536852374,0.8954727817315115,0.9496691262529731,0.8954727817315115,0.9789416914492847,0.9548278156078343,0.8118863131542057,0.5029975076853481,0.04222229301239508,25.1232328414917,0.0,0.0
covid,4,4,0.9114103472714387,0.9132503264731224,0.2747949433895591,0.0,0.0,0.912546106419058,0.9114103472714387,0.9108853311212475,0.9142403602461282,0.9132503264731224,0.965132159608887,0.9132503264731224,0.985148153111569,0.9679074801782557,0.8775458523223453,0.35098197523871877,0.03425762077017709,24.992268323898315,0.0,0.0
covid,4,5,0.9184975194897236,0.9284672103094324,0.24773269239791088,0.0,0.0,0.9200322425577994,0.9184975194897236,0.9183286456611159,0.9124994714411796,0.9284672103094324,0.9688260402980851,0.9284672103094324,0.9866174148727087,0.9715524899107878,0.9060811413720007,0.2714127646074372,0.013533596891954705,26.025418996810913,0.0,0.0
