dataset_name,num_clients,round,global_test_acc,balanced_accuracy,global_test_loss,ce_loss,reg_loss,f1_macro,f1_micro,f1_weighted,precision_macro,recall_macro,specificity_macro,sensitivity_macro,roc_auc_macro,pr_auc_macro,mean_confidence,mean_entropy,ece,inference_time_sec,training_time_sec,aggregation_time_sec
covid,4,0,0.3704228679423577,0.2517977578845958,1.4180203023712714,0.0,0.0,0.24328790880900855,0.3704228679423577,0.3528786896276714,0.2991687077149776,0.2517977578845958,0.7484910160895185,0.2517977578845958,0.47527151530211337,0.2785289634705986,0.5954850123913159,0.9149237494833153,0.22506214444895825,39.78103566169739,0.0,0.0
covid,4,1,0.24120009449562957,0.3067141948356042,1.352557400059762,0.0,0.0,0.17401615521292588,0.24120009449562957,0.17334209342115228,0.4985148696564601,0.3067141948356042,0.7706756876844159,0.3067141948356042,0.9174148626088732,0.7828290619934152,0.6300665802308467,0.9049007873407992,0.39950272975986295,25.143678188323975,0.0,0.0
covid,4,2,0.6576895818568391,0.7034245601019262,0.7456282377243042,0.0,0.0,0.6853383627417194,0.6576895818568391,0.6909229606869364,0.8042628583182061,0.7034245601019262,0.8941919461945991,0.7034245601019262,0.9735632927457771,0.9420165845579835,0.6399867492253803,0.8296818487720736,0.03993611815351421,25.11908984184265,0.0,0.0
covid,4,3,0.8953460902433262,0.8990084024619268,0.31860834187631093,0.0,0.0,0.892577467072355,0.8953460902433262,0.8948719088609298,0.8897847289316438,0.8990084024619268,0.9600097341887637,0.8990084024619268,0.9833160899663866,0.9630395378343803,0.8396336717397757,0.44421824640084234,0.0560700738159669,25.002769947052002,0.0,0.0
covid,4,4,0.8828254193243562,0.9030051182193991,0.326620934373122,0.0,0.0,0.8769500614608899,0.8828254193243562,0.883364132606313,0.86239838577107,0.9030051182193991,0.958021029613806,0.9030051182193991,0.9842449532043871,0.965791388547166,0.8613804970935477,0.37919426015914054,0.02888338159731936,25.1044180393219,0.0,0.0
covid,4,5,0.9095204346798961,0.9222793265816884,0.26292189174218855,0.0,0.0,0.9128330664218911,0.9095204346798961,0.9090733324351435,0.9072108682686618,0.9222793265816884,0.9653221807876682,0.9222793265816884,0.986668339883161,0.9726924298486358,0.8895606222570632,0.31604537733989796,0.02313442294152103,25.175637245178223,0.0,0.0
