dataset_name,num_clients,round,global_test_acc,balanced_accuracy,global_test_loss,ce_loss,reg_loss,f1_macro,f1_micro,f1_weighted,precision_macro,recall_macro,specificity_macro,sensitivity_macro,roc_auc_macro,pr_auc_macro,mean_confidence,mean_entropy,ece,inference_time_sec,training_time_sec,aggregation_time_sec
covid,4,0,0.37420269312544296,0.28370988622653376,2.009914235558432,0.0,0.0,0.20627117888353844,0.37420269312544296,0.30415254109104195,0.21623939339230908,0.28370988622653376,0.7672487351240819,0.28370988622653376,0.5537274496034253,0.2862411061971318,0.6934461485767882,0.6363063713399074,0.31924345545134536,25.575250387191772,0.0,0.0
covid,4,1,0.18473895582329317,0.2619527574336114,1.4274921393580338,0.0,0.0,0.09719144401204152,0.18473895582329317,0.07735981871778858,0.5065934492942024,0.2619527574336114,0.7540894474062791,0.2619527574336114,0.9172752418691753,0.8132110046683441,0.6334264898818349,0.9524256376817021,0.44979035600882566,24.445571899414062,0.0,0.0
covid,4,2,0.817859673990078,0.6971422503226055,0.5947972152240446,0.0,0.0,0.6850570985967845,0.817859673990078,0.8102300230249083,0.8454531893973777,0.6971422503226055,0.9375383626500025,0.6971422503226055,0.9740552933872106,0.9401187807558845,0.6586053181266267,0.8308120538160206,0.1597133422120367,24.833742380142212,0.0,0.0
covid,4,3,0.7890385069690526,0.8568162126136152,0.5174540435904564,0.0,0.0,0.7984055900398805,0.7890385069690526,0.7982235375423303,0.7903978727891809,0.8568162126136152,0.9329730915255983,0.8568162126136152,0.9778776679406732,0.9516215310843602,0.784531169950948,0.5421254383790594,0.01893433577170079,24.454989194869995,0.0,0.0
covid,4,4,0.910937869123553,0.9211173272419585,0.2716797486056736,0.0,0.0,0.9110479883211693,0.910937869123553,0.9106156859040891,0.9036319524906873,0.9211173272419585,0.9662692804751487,0.9211173272419585,0.9853680911946274,0.9684594061793863,0.8869838844777956,0.32654255766314116,0.02410962142731429,23.780449628829956,0.0,0.0
covid,4,5,0.9029057406094968,0.925083155552471,0.2894399843259875,0.0,0.0,0.8978091885219103,0.9029057406094968,0.9030929508599059,0.8765482919665957,0.925083155552471,0.9653652817704608,0.925083155552471,0.9855904813711752,0.9699959354215559,0.8845016137522331,0.32804705069582807,0.020914692603299895,23.60262179374695,0.0,0.0
