{
  "dataset_name": "covid",
  "num_clients": 4,
  "num_rounds": 5,
  "best_accuracy": 0.910937869123553,
  "best_accuracy_round": 4,
  "final_accuracy": 0.9029057406094968,
  "best_balanced_accuracy": 0.925083155552471,
  "best_balanced_accuracy_round": 5,
  "final_balanced_accuracy": 0.925083155552471,
  "best_macro_f1": 0.9110479883211692,
  "best_macro_f1_round": 4,
  "final_macro_f1": 0.8978091885219103,
  "best_roc_auc_macro": 0.9855904813711752,
  "best_roc_auc_macro_round": 5,
  "final_roc_auc_macro": 0.9855904813711752,
  "best_pr_auc_macro": 0.969995935421556,
  "best_pr_auc_macro_round": 5,
  "final_pr_auc_macro": 0.969995935421556,
  "final_ece": 0.0209146926032998,
  "final_mean_confidence": 0.8845016137522331,
  "final_mean_entropy": 0.328047050695828,
  "total_training_time_sec": 0.0,
  "total_inference_time_sec": 121.12,
  "secagg_overhead_per_round_sec": 1.3534,
  "secagg_overhead_total_sec": 6.767,
  "final_confusion_matrix": null
}