dataset_name,num_clients,round,global_test_acc,balanced_accuracy,global_test_loss,ce_loss,reg_loss,f1_macro,f1_micro,f1_weighted,precision_macro,recall_macro,specificity_macro,sensitivity_macro,roc_auc_macro,pr_auc_macro,mean_confidence,mean_entropy,ece,inference_time_sec,training_time_sec,aggregation_time_sec
brain_tumor_mri,5,0,0.29375,0.29374999999999996,1.9540048258645193,0.0,0.0,0.18977965367994346,0.29375,0.18977965367994346,0.20099723124476487,0.29374999999999996,0.7645833333333334,0.29374999999999996,0.5099043367346938,0.2664558324928119,0.6006083833053708,0.9734006216530898,0.3068583833053708,12.201259136199951,0.0,0.0
brain_tumor_mri,5,1,0.7410714285714286,0.7410714285714285,0.8110074707439967,0.0,0.0,0.7346393968355663,0.7410714285714286,0.7346393968355663,0.8066112301050407,0.7410714285714285,0.9136904761904763,0.7410714285714285,0.9686681547619047,0.9209962571475241,0.5585309554955789,1.0352136639728176,0.1864865847996303,7.20833683013916,0.0,0.0
brain_tumor_mri,5,2,0.9098214285714286,0.9098214285714286,0.3757045328617096,0.0,0.0,0.9118360651232434,0.9098214285714286,0.9118360651232434,0.9194844680223012,0.9098214285714286,0.9699404761904762,0.9098214285714286,0.9892240646258503,0.9709874843020159,0.7553008966946176,0.6561206414966031,0.15787093035344568,6.923896074295044,0.0,0.0
brain_tumor_mri,5,3,0.9258928571428572,0.9258928571428572,0.24390169935567038,0.0,0.0,0.9265235994279093,0.9258928571428572,0.9265235994279093,0.9296364846864489,0.9258928571428572,0.975297619047619,0.9258928571428572,0.9899776785714285,0.9730318063401442,0.8849930431959885,0.326213062628386,0.04557612104607474,6.840105772018433,0.0,0.0
brain_tumor_mri,5,4,0.9401785714285714,0.9401785714285714,0.1737280786037445,0.0,0.0,0.9396546049309566,0.9401785714285714,0.9396546049309565,0.9419403772945147,0.9401785714285714,0.9800595238095239,0.9401785714285714,0.9937935799319728,0.9835998620185762,0.9341279768518039,0.19038302966454493,0.014216400842581479,7.003342866897583,0.0,0.0
brain_tumor_mri,5,5,0.9419642857142857,0.9419642857142858,0.1562805148107665,0.0,0.0,0.9421023813343554,0.9419642857142857,0.9421023813343554,0.9431085245820686,0.9419642857142858,0.980654761904762,0.9419642857142858,0.9953932823129252,0.9882864324430484,0.9460450011438557,0.15146633275802937,0.010567163915506474,6.9702558517456055,0.0,0.0
