dataset_name,num_clients,round,global_test_acc,balanced_accuracy,global_test_loss,ce_loss,reg_loss,f1_macro,f1_micro,f1_weighted,precision_macro,recall_macro,specificity_macro,sensitivity_macro,roc_auc_macro,pr_auc_macro,mean_confidence,mean_entropy,ece,inference_time_sec,training_time_sec,aggregation_time_sec
brain_tumor_mri,5,0,0.24107142857142858,0.24107142857142858,2.153680263246809,0.0,0.0,0.13393213691224753,0.24107142857142858,0.13393213691224756,0.11684347388348945,0.24107142857142858,0.7470238095238095,0.24107142857142858,0.4395514455782313,0.22653201528789668,0.5913725786443268,0.9630929533189742,0.35030115007289814,11.494567632675171,0.0,0.0
brain_tumor_mri,5,1,0.6214285714285714,0.6214285714285714,0.8152186921664647,0.0,0.0,0.6336908043167057,0.6214285714285714,0.6336908043167057,0.825529557460788,0.6214285714285714,0.8738095238095238,0.6214285714285714,0.9644525935374149,0.9072199306774734,0.5672780919287886,1.022261513590846,0.1008616756115641,7.2828288078308105,0.0,0.0
brain_tumor_mri,5,2,0.8669642857142857,0.8669642857142857,0.5237561404705048,0.0,0.0,0.8701638521964393,0.8669642857142857,0.8701638521964393,0.8902800558505206,0.8669642857142857,0.955654761904762,0.8669642857142857,0.9870992772108844,0.962258904175922,0.6716065888160041,0.7954685434638221,0.1953576968982816,7.502119302749634,0.0,0.0
brain_tumor_mri,5,3,0.9294642857142857,0.9294642857142857,0.23141987451485224,0.0,0.0,0.930034090344151,0.9294642857142857,0.9300340903441509,0.9329597234580111,0.9294642857142857,0.9764880952380952,0.9294642857142857,0.9920503826530613,0.9771489147132428,0.8756912277213165,0.35447484640620613,0.05926934081528866,7.428088426589966,0.0,0.0
brain_tumor_mri,5,4,0.9276785714285715,0.9276785714285715,0.21288637731756482,0.0,0.0,0.9277509706563212,0.9276785714285715,0.9277509706563214,0.9304264021105034,0.9276785714285715,0.9758928571428571,0.9276785714285715,0.9920588860544217,0.9799564110026526,0.9132914395470705,0.24004437823268165,0.030449676540281096,7.019829511642456,0.0,0.0
brain_tumor_mri,5,5,0.95,0.9500000000000001,0.17067331171461514,0.0,0.0,0.9502838800530495,0.95,0.9502838800530495,0.9519847615267246,0.9500000000000001,0.9833333333333334,0.9500000000000001,0.9948426870748299,0.9842531624611379,0.9304511909772243,0.19649731907498133,0.024797111989132016,7.361140251159668,0.0,0.0
