dataset_name,num_clients,round,global_test_acc,balanced_accuracy,global_test_loss,ce_loss,reg_loss,f1_macro,f1_micro,f1_weighted,precision_macro,recall_macro,specificity_macro,sensitivity_macro,roc_auc_macro,pr_auc_macro,mean_confidence,mean_entropy,ece,inference_time_sec,training_time_sec,aggregation_time_sec
brain_tumor_mri,5,0,0.24285714285714285,0.24285714285714285,2.186434599331447,0.0,0.0,0.14652181126957678,0.24285714285714285,0.14652181126957672,0.14922637171441,0.24285714285714285,0.7476190476190476,0.24285714285714285,0.44428677721088433,0.2306105111029801,0.6220499938619989,0.901923019493645,0.37994002369897706,11.717988967895508,0.0,0.0
brain_tumor_mri,5,1,0.6794642857142857,0.6794642857142856,0.9867181914193289,0.0,0.0,0.6544717506592458,0.6794642857142857,0.6544717506592458,0.7832559690355179,0.6794642857142856,0.893154761904762,0.6794642857142856,0.9580303996598639,0.880988906769929,0.5536773675786597,0.9796284157874914,0.1726490255977426,6.771413326263428,0.0,0.0
brain_tumor_mri,5,2,0.89375,0.8937499999999999,0.4684436747006008,0.0,0.0,0.8947087698709364,0.89375,0.8947087698709365,0.9046138631345245,0.8937499999999999,0.9645833333333333,0.8937499999999999,0.9850988520408163,0.9593494587448936,0.6886084450674909,0.824978999114837,0.20514155493250913,6.806828022003174,0.0,0.0
brain_tumor_mri,5,3,0.9303571428571429,0.9303571428571428,0.26215230779988424,0.0,0.0,0.931657595093141,0.9303571428571429,0.931657595093141,0.937146282596077,0.9303571428571428,0.9767857142857144,0.9303571428571428,0.9927816751700681,0.9786502498490777,0.8414557752332517,0.4415751985379653,0.0896674854946988,6.887369871139526,0.0,0.0
brain_tumor_mri,5,4,0.9383928571428571,0.9383928571428571,0.19544883923871176,0.0,0.0,0.9386634720433015,0.9383928571428571,0.9386634720433015,0.9415239033757832,0.9383928571428571,0.9794642857142858,0.9383928571428571,0.9942761479591837,0.9828305740283669,0.9011924876698426,0.2757054173712572,0.04124065951577251,6.830832242965698,0.0,0.0
brain_tumor_mri,5,5,0.9508928571428571,0.9508928571428572,0.1522870145738125,0.0,0.0,0.9509070313893283,0.9508928571428571,0.9509070313893283,0.9520681244444209,0.9508928571428572,0.9836309523809524,0.9508928571428572,0.9954815051020408,0.9873727429980105,0.9333359160327486,0.19263054339564306,0.024185120660279513,6.569371700286865,0.0,0.0
