dataset_name,num_clients,round,global_test_acc,balanced_accuracy,global_test_loss,ce_loss,reg_loss,f1_macro,f1_micro,f1_weighted,precision_macro,recall_macro,specificity_macro,sensitivity_macro,roc_auc_macro,pr_auc_macro,mean_confidence,mean_entropy,ece,inference_time_sec,training_time_sec,aggregation_time_sec
covid,3,0,0.45216158752657687,0.27620710944952365,1.350688038214763,0.0,0.0,0.2477339777442925,0.45216158752657687,0.3969061181554931,0.24589940770649366,0.27620710944952365,0.7686459977325663,0.27620710944952365,0.4908925065597663,0.26669523495423864,0.5540700321033608,1.0362371831388306,0.10591795309733872,25.808966875076294,0.0,0.0
covid,3,1,0.2593905031892275,0.3145948070364607,1.216732173052742,0.0,0.0,0.19068309522393584,0.2593905031892275,0.20857989714158406,0.5110444433988186,0.3145948070364607,0.7762002257406979,0.3145948070364607,0.9411176604825231,0.8377755668704538,0.5761775838731734,1.00387426673845,0.3219636620611776,20.58513593673706,0.0,0.0
covid,3,2,0.8542404913772738,0.8546773405171308,0.4930274479219656,0.0,0.0,0.8456231660038096,0.8542404913772738,0.8577138412979407,0.8546668592161449,0.8546773405171308,0.9504313120080164,0.8546773405171308,0.9787315249255997,0.9488842249735749,0.7118785023942727,0.7216286585956236,0.1423619889830011,21.154510259628296,0.0,0.0
covid,3,3,0.9099929128277817,0.9132657644909107,0.26056823444203114,0.0,0.0,0.9143583465221098,0.9099929128277817,0.9094522114864316,0.9167316360835518,0.9132657644909107,0.9631247941222256,0.9132657644909107,0.9852117881088167,0.9691377899628715,0.8754576456524253,0.3571564865468928,0.03652874001396649,20.62765383720398,0.0,0.0
covid,3,4,0.8830616583982991,0.9055459716984439,0.33272878259962513,0.0,0.0,0.8867453178526534,0.8830616583982991,0.8851331382908231,0.8809961159351463,0.9055459716984439,0.9592074705599535,0.9055459716984439,0.9838877123955717,0.9678310638861922,0.8738930267615153,0.34698552843847963,0.009717159679024463,20.930652618408203,0.0,0.0
covid,3,5,0.9052681313489251,0.8999020756750523,0.25685294281921006,0.0,0.0,0.9117551340713974,0.9052681313489251,0.903470601915961,0.9304989813109146,0.8999020756750523,0.9579975205619756,0.8999020756750523,0.9872565533813069,0.9728909360343493,0.9128793242085833,0.2558652814549841,0.013643900405535444,20.853763818740845,0.0,0.0
