dataset_name,num_clients,round,global_test_acc,balanced_accuracy,global_test_loss,ce_loss,reg_loss,f1_macro,f1_micro,f1_weighted,precision_macro,recall_macro,specificity_macro,sensitivity_macro,roc_auc_macro,pr_auc_macro,mean_confidence,mean_entropy,ece,inference_time_sec,training_time_sec,aggregation_time_sec
covid,3,0,0.2841956059532247,0.25,3.463528800737258,0.0,0.0,0.1112241124260355,0.2841956059532247,0.12643761611010698,0.07152199762187872,0.25,0.7502732588836245,0.25,0.47040273852908154,0.21516462777922707,0.8703250475043021,0.4370697927578032,0.5861856615729234,26.672592163085938,0.0,0.0
covid,3,1,0.40940231514292463,0.40178237386349175,1.077139634881041,0.0,0.0,0.32405155520547824,0.40940231514292463,0.4240167827012814,0.5356942433846833,0.40178237386349175,0.8207528113654774,0.40178237386349175,0.9567774326995572,0.9021268065736644,0.48107767547948294,1.0840764041556619,0.11807558299547215,21.04542899131775,0.0,0.0
covid,3,2,0.789983463264824,0.8176922525969026,0.5699910038812431,0.0,0.0,0.7943083994038678,0.789983463264824,0.8026104339901555,0.8238445214475694,0.8176922525969026,0.9319837865043412,0.8176922525969026,0.9736860479687425,0.9444975663239692,0.6972526077708256,0.7499636863190607,0.09273085549399837,20.505038499832153,0.0,0.0
covid,3,3,0.8974722419088117,0.901891697362021,0.31488642450655263,0.0,0.0,0.8983234884045473,0.8974722419088117,0.8979379051734244,0.898644043263614,0.901891697362021,0.9625531120680142,0.901891697362021,0.9833952376432904,0.9634450518172493,0.8603384270401618,0.3854701220881256,0.0373672553404775,20.309969425201416,0.0,0.0
covid,3,4,0.9196787148594378,0.9179788716753183,0.23750002998678277,0.0,0.0,0.9251834511463053,0.9196787148594378,0.9191645681985174,0.9337268532450089,0.9179788716753183,0.9661529054943909,0.9179788716753183,0.9864891518254559,0.9727874061793113,0.9079132629516641,0.2727075987575733,0.01300329044584459,19.998424291610718,0.0,0.0
covid,3,5,0.9241672572643516,0.930774257931772,0.22876155676358478,0.0,0.0,0.9258393653591814,0.9241672572643516,0.9239233233145424,0.9217456592400207,0.930774257931772,0.9696053294187102,0.930774257931772,0.9877189389639063,0.9747777072099014,0.9107115195838379,0.256031454710912,0.016236074358583933,20.324699878692627,0.0,0.0
