dataset_name,num_clients,round,global_test_acc,balanced_accuracy,global_test_loss,ce_loss,reg_loss,f1_macro,f1_micro,f1_weighted,precision_macro,recall_macro,specificity_macro,sensitivity_macro,roc_auc_macro,pr_auc_macro,mean_confidence,mean_entropy,ece,inference_time_sec,training_time_sec,aggregation_time_sec
colon_cancer_or_pathology,3,0,0.5,0.5,1.508015796661377,0.0,0.0,0.3333333333333333,0.5,0.3333333333333333,0.25,0.5,0.5,0.5,0.426927,0.4592477038012638,0.9279906311631203,0.24306201251688217,0.42844951742887494,26.686121940612793,0.0,0.0
colon_cancer_or_pathology,3,1,0.994,0.994,0.02018245839700103,0.0,0.0,0.9939997839922237,0.994,0.9939997839922237,0.9940711462450593,0.994,0.994,0.994,1.0,1.0,0.9885070381760597,0.03389352953144437,0.0068312602639198725,20.151567935943604,0.0,0.0
colon_cancer_or_pathology,3,2,0.997,0.997,0.010342432273551822,0.0,0.0,0.996999972999757,0.997,0.996999972999757,0.9970178926441352,0.997,0.997,0.997,0.999995,0.9999950248756219,0.9951928863525391,0.015433542759048003,0.0026034391522407677,19.441805839538574,0.0,0.0
colon_cancer_or_pathology,3,3,0.997,0.997,0.00827515207300894,0.0,0.0,0.996999972999757,0.997,0.996999972999757,0.9970178926441352,0.997,0.997,0.997,1.0,1.0,0.99498931697011,0.015012812361003583,0.003666141301393462,19.560667514801025,0.0,0.0
colon_cancer_or_pathology,3,4,0.9995,0.9995,0.0017776433444814757,0.0,0.0,0.999499999875,0.9995,0.9994999998749999,0.9995004995004995,0.9995,0.9995,0.9995,1.0,1.0,0.9984545867741108,0.006408111551792849,0.0015839588344097478,19.872119903564453,0.0,0.0
colon_cancer_or_pathology,3,5,0.969,0.969,0.08141186187043786,0.0,0.0,0.96897018034331,0.969,0.96897018034331,0.9708097928436912,0.969,0.969,0.969,1.0,1.0,0.9760093148946762,0.061182577069018744,0.014565238058566998,19.515018939971924,0.0,0.0
