dataset_name,num_clients,round,global_test_acc,balanced_accuracy,global_test_loss,ce_loss,reg_loss,f1_macro,f1_micro,f1_weighted,precision_macro,recall_macro,specificity_macro,sensitivity_macro,roc_auc_macro,pr_auc_macro,mean_confidence,mean_entropy,ece,inference_time_sec,training_time_sec,aggregation_time_sec
colon_cancer_or_pathology,3,0,0.609,0.609,0.7089378848075867,0.0,0.0,0.5697604302835839,0.609,0.569760430283584,0.6716038187359883,0.609,0.609,0.609,0.726543,0.7211232709815312,0.7422643646597862,0.5188506595787822,0.13609054797887804,40.80213713645935,0.0,0.0
colon_cancer_or_pathology,3,1,0.9755,0.9755,0.05347574915830046,0.0,0.0,0.9754852850423467,0.9755,0.9754852850423467,0.9766444232602478,0.9755,0.9755,0.9755,0.9999990000000001,0.999999000999001,0.9838627376258373,0.03945714139137762,0.008798590451478941,21.492924690246582,0.0,0.0
colon_cancer_or_pathology,3,2,0.9985,0.9984999999999999,0.013172476657200605,0.0,0.0,0.9984999966249923,0.9985,0.9984999966249924,0.9985044865403789,0.9984999999999999,0.9984999999999999,0.9984999999999999,0.9999999999999999,1.0,0.9896853398084641,0.029035838243391572,0.008836528122425054,20.524989128112793,0.0,0.0
colon_cancer_or_pathology,3,3,0.9995,0.9995,0.0024268519545439632,0.0,0.0,0.999499999875,0.9995,0.9994999998749999,0.9995004995004995,0.9995,0.9995,0.9995,1.0,1.0,0.9985922052562237,0.005778023571506366,0.0014719151556492245,21.360066413879395,0.0,0.0
colon_cancer_or_pathology,3,4,1.0,1.0,0.0032212980831973254,0.0,0.0,1.0,1.0,1.0,1.0,1.0,1.0,1.0,0.9999999999999999,1.0,0.9970009162425995,0.011519144234306273,0.0029990837574004996,21.30677628517151,0.0,0.0
colon_cancer_or_pathology,3,5,0.998,0.998,0.0053435688865138215,0.0,0.0,0.997999991999968,0.998,0.9979999919999679,0.99800796812749,0.998,0.998,0.998,1.0,1.0,0.9964059114456176,0.011130594137598539,0.002917184472084097,21.585108757019043,0.0,0.0
