dataset_name,num_clients,round,global_test_acc,balanced_accuracy,global_test_loss,ce_loss,reg_loss,f1_macro,f1_micro,f1_weighted,precision_macro,recall_macro,specificity_macro,sensitivity_macro,roc_auc_macro,pr_auc_macro,mean_confidence,mean_entropy,ece,inference_time_sec,training_time_sec,aggregation_time_sec
colon_cancer_or_pathology,3,0,0.499,0.499,1.1267161493301392,0.0,0.0,0.33899432142027824,0.499,0.33899432142027824,0.46849798387096775,0.499,0.499,0.499,0.562358,0.5305704193769073,0.8599181427359581,0.3712638294709398,0.3609181427359581,31.245805025100708,0.0,0.0
colon_cancer_or_pathology,3,1,0.9425,0.9425,0.12629540609940887,0.0,0.0,0.9423092599908447,0.9425,0.9423092599908448,0.9484304932735426,0.9425,0.9425,0.9425,0.9999999999999999,1.0,0.9691191795170307,0.07275300656619964,0.02730063286423686,20.64062213897705,0.0,0.0
colon_cancer_or_pathology,3,2,0.995,0.995,0.014298859365284442,0.0,0.0,0.9949998749968749,0.995,0.9949998749968749,0.995049504950495,0.995,0.995,0.995,0.999988,0.9999881422924901,0.9938754148483276,0.018068095511721147,0.0029818424582480955,19.965916395187378,0.0,0.0
colon_cancer_or_pathology,3,3,0.999,0.999,0.004187975606648252,0.0,0.0,0.998999998999999,0.999,0.998999998999999,0.999001996007984,0.999,0.999,0.999,0.9999929999999999,0.9999930357852883,0.9984350451827049,0.00665519956084429,0.0012107731699943728,20.082606315612793,0.0,0.0
colon_cancer_or_pathology,3,4,0.993,0.993,0.021517267304472624,0.0,0.0,0.9929996569831923,0.993,0.9929996569831921,0.9930966469428009,0.993,0.993,0.993,1.0,1.0,0.9888207618594169,0.029687068506928798,0.004200246751308456,19.850863933563232,0.0,0.0
colon_cancer_or_pathology,3,5,1.0,1.0,0.0025011903672711925,0.0,0.0,1.0,1.0,1.0,1.0,1.0,1.0,1.0,1.0,1.0,0.997709644138813,0.008337860031853097,0.002290355861187019,20.093467473983765,0.0,0.0
