{
  "dataset_name": "brain_tumor_mri",
  "num_clients": 3,
  "num_rounds": 6,
  "best_accuracy": 0.9553571428571429,
  "best_accuracy_round": 5,
  "final_accuracy": 0.9553571428571429,
  "best_balanced_accuracy": 0.9553571428571429,
  "best_balanced_accuracy_round": 5,
  "final_balanced_accuracy": 0.9553571428571429,
  "best_macro_f1": 0.955596672068688,
  "best_macro_f1_round": 5,
  "final_macro_f1": 0.955596672068688,
  "best_roc_auc_macro": 0.9958939200680272,
  "best_roc_auc_macro_round": 5,
  "final_roc_auc_macro": 0.9958939200680272,
  "best_pr_auc_macro": 0.9879588742401254,
  "best_pr_auc_macro_round": 5,
  "final_pr_auc_macro": 0.9879588742401254,
  "final_ece": 0.014936916636569212,
  "final_mean_confidence": 0.9422595897955554,
  "final_mean_entropy": 0.16265014089099972,
  "total_training_time_sec": 0.0,
  "total_inference_time_sec": 40.64,
  "final_confusion_matrix": [
    [
      265,
      14,
      0,
      1
    ],
    [
      6,
      262,
      1,
      11
    ],
    [
      0,
      7,
      269,
      4
    ],
    [
      0,
      6,
      0,
      274
    ]
  ]
}