dataset_name,num_clients,round,class_name,precision,recall,f1,support
brain_tumor_mri,3,0,glioma,0.38972809667673713,0.4607142857142857,0.42225859247135844,280
brain_tumor_mri,3,0,meningioma,0.0,0.0,0.0,280
brain_tumor_mri,3,0,notumor,0.3091334894613583,0.4714285714285714,0.3734087694483734,280
brain_tumor_mri,3,0,pituitary,0.42265193370165743,0.5464285714285714,0.4766355140186916,280
brain_tumor_mri,3,1,glioma,1.0,0.5642857142857143,0.7214611872146118,280
brain_tumor_mri,3,1,meningioma,0.5986078886310905,0.9214285714285714,0.7257383966244726,280
brain_tumor_mri,3,1,notumor,0.9852216748768473,0.7142857142857143,0.8281573498964804,280
brain_tumor_mri,3,1,pituitary,0.7774390243902439,0.9107142857142857,0.8388157894736842,280
brain_tumor_mri,3,2,glioma,0.9671532846715328,0.9464285714285714,0.9566787003610109,280
brain_tumor_mri,3,2,meningioma,0.8206686930091185,0.9642857142857143,0.8866995073891626,280
brain_tumor_mri,3,2,notumor,0.9881422924901185,0.8928571428571429,0.9380863039399625,280
brain_tumor_mri,3,2,pituitary,0.9734848484848485,0.9178571428571428,0.9448529411764706,280
brain_tumor_mri,3,3,glioma,0.9575971731448764,0.9678571428571429,0.9626998223801065,280
brain_tumor_mri,3,3,meningioma,0.9059233449477352,0.9285714285714286,0.9171075837742504,280
brain_tumor_mri,3,3,notumor,0.9716312056737588,0.9785714285714285,0.9750889679715302,280
brain_tumor_mri,3,3,pituitary,0.9664179104477612,0.925,0.9452554744525548,280
brain_tumor_mri,3,4,glioma,0.9739776951672863,0.9357142857142857,0.9544626593806922,280
brain_tumor_mri,3,4,meningioma,0.9172661870503597,0.9107142857142857,0.9139784946236559,280
brain_tumor_mri,3,4,notumor,0.9962264150943396,0.9428571428571428,0.9688073394495413,280
brain_tumor_mri,3,4,pituitary,0.8928571428571429,0.9821428571428571,0.935374149659864,280
brain_tumor_mri,3,5,glioma,0.977859778597786,0.9464285714285714,0.9618874773139746,280
brain_tumor_mri,3,5,meningioma,0.9065743944636678,0.9357142857142857,0.9209138840070299,280
brain_tumor_mri,3,5,notumor,0.9962962962962963,0.9607142857142857,0.9781818181818182,280
brain_tumor_mri,3,5,pituitary,0.9448275862068966,0.9785714285714285,0.9614035087719298,280
