dataset_name,num_clients,round,global_test_acc,balanced_accuracy,global_test_loss,ce_loss,reg_loss,f1_macro,f1_micro,f1_weighted,precision_macro,recall_macro,specificity_macro,sensitivity_macro,roc_auc_macro,pr_auc_macro,mean_confidence,mean_entropy,ece,inference_time_sec,training_time_sec,aggregation_time_sec
brain_tumor_mri,3,0,0.21875,0.21875,2.28732419695173,0.0,0.0,0.14522251956759896,0.21875,0.145222519567599,0.23062693841382367,0.21875,0.7395833333333334,0.21875,0.4384141156462585,0.2427285051025482,0.6329383901719536,0.8836898299150817,0.4156570658619914,23.49273180961609,0.0,0.0
brain_tumor_mri,3,1,0.5723214285714285,0.5723214285714285,0.8485598955835615,0.0,0.0,0.5177594887305181,0.5723214285714285,0.5177594887305182,0.8339781812347924,0.5723214285714285,0.8574404761904761,0.5723214285714285,0.9722661564625851,0.9332538305778236,0.6452145376907927,0.9203817505438411,0.16169989710407595,7.410275459289551,0.0,0.0
brain_tumor_mri,3,2,0.9116071428571428,0.9116071428571427,0.29120575019291467,0.0,0.0,0.9113992278007255,0.9116071428571428,0.9113992278007255,0.9163054022703925,0.9116071428571427,0.9705357142857143,0.9116071428571427,0.9917198129251701,0.9753737176672832,0.827362759650818,0.4892220533656671,0.08557781111449003,7.499935150146484,0.0,0.0
brain_tumor_mri,3,3,0.9357142857142857,0.9357142857142857,0.19578828843576568,0.0,0.0,0.936044293066201,0.9357142857142857,0.9360442930662007,0.9390128754203004,0.9357142857142857,0.9785714285714286,0.9357142857142857,0.9946407312925171,0.9841551740236593,0.912448273120182,0.23843757499848586,0.030750281949128443,7.6039440631866455,0.0,0.0
brain_tumor_mri,3,4,0.9473214285714285,0.9473214285714286,0.15572927785771234,0.0,0.0,0.9471767845227197,0.9473214285714285,0.9471767845227195,0.9484178336456294,0.9473214285714286,0.9824404761904763,0.9473214285714286,0.9951009778911564,0.9864405077020394,0.9429941117231335,0.16623246366198322,0.008276676226939473,7.560896158218384,0.0,0.0
brain_tumor_mri,3,5,0.9401785714285714,0.9401785714285714,0.1681831690349749,0.0,0.0,0.9396477419705691,0.9401785714285714,0.9396477419705692,0.9418045378687563,0.9401785714285714,0.9800595238095239,0.9401785714285714,0.9958216411564625,0.9888904152012825,0.9503823750253234,0.13694935222997284,0.018365075864962156,7.326625347137451,0.0,0.0
