dataset_name,num_clients,round,global_test_acc,balanced_accuracy,global_test_loss,ce_loss,reg_loss,f1_macro,f1_micro,f1_weighted,precision_macro,recall_macro,specificity_macro,sensitivity_macro,roc_auc_macro,pr_auc_macro,mean_confidence,mean_entropy,ece,inference_time_sec,training_time_sec,aggregation_time_sec
brain_tumor_mri,3,0,0.24464285714285713,0.24464285714285713,2.5675046512058803,0.0,0.0,0.14798377949183303,0.24464285714285713,0.14798377949183303,0.13103864734299517,0.24464285714285713,0.7482142857142857,0.24464285714285713,0.4921832482993197,0.25215479170312255,0.7186450169022595,0.7018578012865049,0.47400215975940224,13.09762954711914,0.0,0.0
brain_tumor_mri,3,1,0.6339285714285714,0.6339285714285714,0.7754533784730094,0.0,0.0,0.630238817991486,0.6339285714285714,0.6302388179914858,0.8285489241098453,0.6339285714285714,0.8779761904761905,0.6339285714285714,0.9731972789115646,0.9370259629596285,0.6267056617885828,0.8734661416334808,0.03162727308060441,6.91076922416687,0.0,0.0
brain_tumor_mri,3,2,0.9232142857142858,0.9232142857142858,0.2670440890959331,0.0,0.0,0.9228632931718619,0.9232142857142858,0.922863293171862,0.9252335856184006,0.9232142857142858,0.9744047619047619,0.9232142857142858,0.992064200680272,0.9795765483304866,0.8313938793859311,0.48089300615876107,0.09543706545872346,7.742148160934448,0.0,0.0
brain_tumor_mri,3,3,0.9196428571428571,0.9196428571428572,0.22143268047698905,0.0,0.0,0.9174794642728699,0.9196428571428571,0.9174794642728697,0.9260537975326707,0.9196428571428572,0.9732142857142858,0.9196428571428572,0.9930803571428571,0.982590035217479,0.9438541843955006,0.1619970837439096,0.026124833524227148,6.750248432159424,0.0,0.0
brain_tumor_mri,3,4,0.9419642857142857,0.9419642857142857,0.17944908336337123,0.0,0.0,0.9419961727784157,0.9419642857142857,0.9419961727784157,0.9438707136267579,0.9419642857142857,0.980654761904762,0.9419642857142857,0.9940635629251701,0.9840042830715622,0.9433181898668408,0.1519294888097122,0.0135417840044414,7.196800231933594,0.0,0.0
brain_tumor_mri,3,5,0.9491071428571428,0.9491071428571429,0.1455082723205643,0.0,0.0,0.9485089056209906,0.9491071428571428,0.9485089056209906,0.9497070831458102,0.9491071428571429,0.9830357142857143,0.9491071428571429,0.9965975765306123,0.9910899551858066,0.9630531511402556,0.10409884060358951,0.015939731071037966,6.723653793334961,0.0,0.0
