dataset_name,num_clients,round,global_test_acc,balanced_accuracy,global_test_loss,ce_loss,reg_loss,f1_macro,f1_micro,f1_weighted,precision_macro,recall_macro,specificity_macro,sensitivity_macro,roc_auc_macro,pr_auc_macro,mean_confidence,mean_entropy,ece,inference_time_sec,training_time_sec,aggregation_time_sec
brain_tumor_mri,3,0,0.2330357142857143,0.2330357142857143,2.374852500643049,0.0,0.0,0.12276044853401533,0.2330357142857143,0.12276044853401533,0.13678620824180865,0.2330357142857143,0.7443452380952381,0.2330357142857143,0.48473852040816323,0.2357407148433026,0.67291465417615,0.8174503848496107,0.4398789398904358,13.512440919876099,0.0,0.0
brain_tumor_mri,3,1,0.7258928571428571,0.7258928571428572,0.717123121874673,0.0,0.0,0.7265327120973708,0.7258928571428571,0.7265327120973707,0.8295641242266334,0.7258928571428572,0.9086309523809524,0.7258928571428572,0.9759619472789116,0.9379599204362206,0.6142267603959356,0.9337897321326846,0.139207192829677,6.940697431564331,0.0,0.0
brain_tumor_mri,3,2,0.8732142857142857,0.8732142857142856,0.4184083525623594,0.0,0.0,0.8775410463106507,0.8732142857142857,0.8775410463106507,0.9064521939143088,0.8732142857142856,0.9577380952380953,0.8732142857142856,0.9890816326530613,0.9705009285692705,0.7501774634101561,0.6586992785688458,0.12303682230412956,6.855555534362793,0.0,0.0
brain_tumor_mri,3,3,0.9348214285714286,0.9348214285714285,0.19661970936826298,0.0,0.0,0.9346268329447249,0.9348214285714286,0.9346268329447249,0.9360120635644592,0.9348214285714285,0.9782738095238096,0.9348214285714285,0.9942803996598639,0.983510240770948,0.8992939088493586,0.28955503235142727,0.039819845610431316,7.710252285003662,0.0,0.0
brain_tumor_mri,3,4,0.9517857142857142,0.9517857142857143,0.15212173121316092,0.0,0.0,0.9517744032022974,0.9517857142857142,0.9517744032022974,0.9527434266639763,0.9517857142857143,0.9839285714285715,0.9517857142857143,0.9954039115646258,0.9865913239866329,0.9383104135149292,0.16905775547731186,0.017841976960854895,7.287006139755249,0.0,0.0
brain_tumor_mri,3,5,0.9321428571428572,0.932142857142857,0.19049801869051797,0.0,0.0,0.9334011742516276,0.9321428571428572,0.9334011742516276,0.9403330199617722,0.932142857142857,0.9773809523809525,0.932142857142857,0.9960746173469388,0.9892884876750673,0.9317317630297371,0.17901675678973622,0.01623175003166715,6.817853689193726,0.0,0.0
