{
  "dataset_name": "brain_tumor_mri",
  "num_clients": 3,
  "num_rounds": 5,
  "best_accuracy": 0.9526785714285714,
  "best_accuracy_round": 5,
  "final_accuracy": 0.9526785714285714,
  "best_balanced_accuracy": 0.9526785714285716,
  "best_balanced_accuracy_round": 5,
  "final_balanced_accuracy": 0.9526785714285716,
  "best_macro_f1": 0.9523810236298784,
  "best_macro_f1_round": 5,
  "final_macro_f1": 0.9523810236298784,
  "best_roc_auc_macro": 0.996375425170068,
  "best_roc_auc_macro_round": 5,
  "final_roc_auc_macro": 0.996375425170068,
  "best_pr_auc_macro": 0.9905054915108312,
  "best_pr_auc_macro_round": 5,
  "final_pr_auc_macro": 0.9905054915108312,
  "final_ece": 0.0268960289391023,
  "final_mean_confidence": 0.9363447238558104,
  "final_mean_entropy": 0.1803813438185828,
  "total_training_time_sec": 0.0,
  "total_inference_time_sec": 31.94,
  "secagg_overhead_per_round_sec": 0.643,
  "secagg_overhead_total_sec": 3.2149,
  "final_confusion_matrix": null
}