dataset_name,num_clients,round,global_test_acc,balanced_accuracy,global_test_loss,ce_loss,reg_loss,f1_macro,f1_micro,f1_weighted,precision_macro,recall_macro,specificity_macro,sensitivity_macro,roc_auc_macro,pr_auc_macro,mean_confidence,mean_entropy,ece,inference_time_sec,training_time_sec,aggregation_time_sec
colon_cancer_or_pathology,5,0,0.5015,0.5015,1.2231748819351196,0.0,0.0,0.33840994760697835,0.5015,0.33840994760697835,0.6075191742527417,0.5015,0.5015,0.5015,0.461793,0.48519115641572097,0.8694855358302593,0.3573349648469066,0.36798553583025934,24.83360004425049,0.0,0.0
colon_cancer_or_pathology,5,1,0.7005,0.7005,0.6944413995742797,0.0,0.0,0.6709874961516797,0.7005,0.6709874961516799,0.8126954346466542,0.7005,0.7005,0.7005,0.999985,0.9999849995799834,0.8994070907533169,0.21668055034530734,0.19961742547154426,19.562435626983643,0.0,0.0
colon_cancer_or_pathology,5,2,0.965,0.9650000000000001,0.0754722344726324,0.0,0.0,0.9649570724137068,0.965,0.9649570724137068,0.9672897196261683,0.9650000000000001,0.9650000000000001,0.9650000000000001,0.999999,0.999999000999001,0.9700814670622349,0.07648385553233518,0.010827822417020766,18.892168283462524,0.0,0.0
colon_cancer_or_pathology,5,3,0.997,0.997,0.01085237791063264,0.0,0.0,0.996999972999757,0.997,0.996999972999757,0.9970178926441352,0.997,0.997,0.997,0.9999870000000001,0.9999871668311945,0.9942273906171322,0.018477375714572836,0.0034012625515461117,20.13467788696289,0.0,0.0
colon_cancer_or_pathology,5,4,0.999,0.999,0.002617927748360671,0.0,0.0,0.998999998999999,0.999,0.998999998999999,0.999001996007984,0.999,0.999,0.999,1.0,1.0,0.9983000313639641,0.006235053712182714,0.0018077706694603441,19.603062868118286,0.0,0.0
colon_cancer_or_pathology,5,5,0.999,0.999,0.0029555226578377187,0.0,0.0,0.998999998999999,0.999,0.998999998999999,0.999001996007984,0.999,0.999,0.999,1.0,1.0,0.9976594032645225,0.009479220148643542,0.002529965400695836,19.752511024475098,0.0,0.0
