dataset_name,num_clients,round,global_test_acc,balanced_accuracy,global_test_loss,ce_loss,reg_loss,f1_macro,f1_micro,f1_weighted,precision_macro,recall_macro,specificity_macro,sensitivity_macro,roc_auc_macro,pr_auc_macro,mean_confidence,mean_entropy,ece,inference_time_sec,training_time_sec,aggregation_time_sec
colon_cancer_or_pathology,5,0,0.5,0.5,2.0067028074264526,0.0,0.0,0.3333333333333333,0.5,0.3333333333333333,0.25,0.5,0.5,0.5,0.4245185,0.43593611317386505,0.9722582247257233,0.11839735595217664,0.4726904941797257,26.381760597229004,0.0,0.0
colon_cancer_or_pathology,5,1,0.888,0.888,0.23766658902168275,0.0,0.0,0.8865772247067211,0.888,0.8865772247067211,0.9084967320261438,0.888,0.888,0.888,0.999996,0.999996015936255,0.9249411557018757,0.16644701794745673,0.036941155701875734,19.767773628234863,0.0,0.0
colon_cancer_or_pathology,5,2,0.9945,0.9944999999999999,0.015783142998814583,0.0,0.0,0.9944998336199671,0.9945,0.9944998336199671,0.9945598417408507,0.9944999999999999,0.9944999999999999,0.9944999999999999,1.0,1.0,0.9901666874587536,0.02824850853603298,0.0058449119031429506,20.33026957511902,0.0,0.0
colon_cancer_or_pathology,5,3,0.998,0.998,0.005275196437025443,0.0,0.0,0.9979999979999981,0.998,0.997999997999998,0.9980019920079681,0.998,0.998,0.998,0.9999939999999999,0.999994014935254,0.9971800778806209,0.009824701525535278,0.0018452487289905778,19.7991783618927,0.0,0.0
colon_cancer_or_pathology,5,4,0.9965,0.9964999999999999,0.009155426344135777,0.0,0.0,0.9964999571244748,0.9965,0.9964999571244748,0.9965243296921549,0.9964999999999999,0.9964999999999999,0.9964999999999999,1.0,1.0,0.9944318587779999,0.016025928212043163,0.0035744960904121274,19.285680055618286,0.0,0.0
colon_cancer_or_pathology,5,5,0.998,0.998,0.009001769323833286,0.0,0.0,0.997999991999968,0.998,0.9979999919999679,0.99800796812749,0.998,0.998,0.998,0.9999910000000001,0.9999910802775025,0.9951228473186493,0.01510747476860169,0.0034075468182564418,20.342008590698242,0.0,0.0
