dataset_name,num_clients,round,global_test_acc,balanced_accuracy,global_test_loss,ce_loss,reg_loss,f1_macro,f1_micro,f1_weighted,precision_macro,recall_macro,specificity_macro,sensitivity_macro,roc_auc_macro,pr_auc_macro,mean_confidence,mean_entropy,ece,inference_time_sec,training_time_sec,aggregation_time_sec
colon_cancer_or_pathology,5,0,0.2345,0.2345,1.0409499502182007,0.0,0.0,0.23246430344882216,0.2345,0.23246430344882216,0.23165310782087162,0.2345,0.2345,0.2345,0.156296,0.33127688039000974,0.6602365056574344,0.6142985162420712,0.4257365056574345,36.6629433631897,0.0,0.0
colon_cancer_or_pathology,5,1,0.878,0.878,0.23806667101383208,0.0,0.0,0.8761567165694193,0.878,0.8761567165694193,0.9019292604501608,0.878,0.878,0.878,0.999992,0.9999920634920635,0.8982626646459103,0.2348051290983435,0.040434790819883354,21.421712398529053,0.0,0.0
colon_cancer_or_pathology,5,2,0.941,0.9410000000000001,0.11767388777434826,0.0,0.0,0.9407939035783562,0.941,0.9407939035783562,0.947227191413238,0.9410000000000001,0.9410000000000001,0.9410000000000001,1.0,1.0,0.9458530351221561,0.1376156373936958,0.023533362120389915,20.696349382400513,0.0,0.0
colon_cancer_or_pathology,5,3,0.9935,0.9935,0.017274139231536537,0.0,0.0,0.9934997253633966,0.9935,0.9934997253633966,0.993583415597236,0.9935,0.9935,0.9935,0.9999990000000001,0.999999000999001,0.9910414284467697,0.025047047617422716,0.0035167854428291507,20.459739446640015,0.0,0.0
colon_cancer_or_pathology,5,4,0.999,0.999,0.00797691279835999,0.0,0.0,0.998999998999999,0.999,0.998999998999999,0.999001996007984,0.999,0.999,0.999,1.0,1.0,0.9939493074417114,0.023299975902862282,0.005050692558288576,20.26236581802368,0.0,0.0
colon_cancer_or_pathology,5,5,0.998,0.998,0.006555942537495867,0.0,0.0,0.997999991999968,0.998,0.9979999919999679,0.99800796812749,0.998,0.998,0.998,1.0,1.0,0.9948233752846718,0.015736691229106408,0.004627973794937119,19.64168882369995,0.0,0.0
